Drug1,Drug2,Simcomp_Score
Tobramycin,Tobramycin,1
Tobramycin,Gentamicin,0.782946
Tobramycin,Amikacin,0.759259
Tobramycin,Azithromycin,0.337386
Tobramycin,Clarithromycin,0.337386
Tobramycin,Dexamethasone,0.272016
Tobramycin,Clindamycin,0.270492
Tobramycin,Amphotericin B,0.268844
Tobramycin,Vancomycin,0.190083
Tobramycin,Oseltamivir,0.154639
Tobramycin,Meropenem,0.148148
Tobramycin,Doripenem,0.147541
Tobramycin,Ertapenem,0.129032
Tobramycin,Clavulanate,0.126437
Tobramycin,Imipenem,0.124744
Tobramycin,Doxycycline,0.107544
Tobramycin,Cilastatin,0.080074
Tobramycin,Teicoplanin,0.076672
Tobramycin,Gatifloxacin,0.07563
Tobramycin,Linezolid,0.075269
Tobramycin,Moxifloxacin,0.073718
Tobramycin,Minocycline,0.071975
Tobramycin,Daptomycin,0.062194
Tobramycin,Tigecycline,0.061828
Tobramycin,Sulbactam,0.05042
Tobramycin,Penicillin G,0.047957
Tobramycin,Ampicillin,0.04712
Tobramycin,Cephalexin,0.04712
Tobramycin,Amoxicillin,0.046312
Tobramycin,Ticarcillin,0.046312
Tobramycin,Cefdinir,0.045531
Tobramycin,Ofloxacin,0.044776
Tobramycin,Levofloxacin,0.044776
Tobramycin,Tazobactam,0.044776
Tobramycin,Cefpodoxime,0.044046
Tobramycin,Cefuroxime,0.043339
Tobramycin,Metronidazole,0.043084
Tobramycin,Cefazolin,0.042654
Tobramycin,Cefixime,0.042654
Tobramycin,Cefotaxime,0.042654
Tobramycin,Cloxacillin,0.042654
Tobramycin,Cefepime,0.040724
Tobramycin,Ceftriaxone,0.038407
Tobramycin,Piperacillin,0.038407
Tobramycin,Ceftazidime,0.037868
Tobramycin,Cefoperazone,0.034048
Tobramycin,Ciprofloxacin,0.028668
Tobramycin,Colistin,0.016791
Cilastatin,Cilastatin,1
Cilastatin,Ertapenem,0.428571
Cilastatin,Ticarcillin,0.321244
Cilastatin,Imipenem,0.285714
Cilastatin,Ampicillin,0.262626
Cilastatin,Amoxicillin,0.256158
Cilastatin,Doripenem,0.255924
Cilastatin,Cefixime,0.241685
Cilastatin,Clindamycin,0.238095
Cilastatin,Ceftazidime,0.226054
Cilastatin,Ceftriaxone,0.22093
Cilastatin,Cefazolin,0.214751
Cilastatin,Penicillin G,0.212871
Cilastatin,Cefoperazone,0.20603
Cilastatin,Tigecycline,0.197917
Cilastatin,Meropenem,0.192661
Cilastatin,Ofloxacin,0.191011
Cilastatin,Levofloxacin,0.191011
Cilastatin,Cefuroxime,0.190476
Cilastatin,Cefdinir,0.181818
Cilastatin,Cloxacillin,0.181435
Cilastatin,Cefpodoxime,0.173913
Cilastatin,Cephalexin,0.173709
Cilastatin,Clavulanate,0.171171
Cilastatin,Cefotaxime,0.166667
Cilastatin,Amphotericin B,0.159236
Cilastatin,Piperacillin,0.158088
Cilastatin,Cefepime,0.156863
Cilastatin,Oseltamivir,0.155779
Cilastatin,Sulbactam,0.142857
Cilastatin,Ciprofloxacin,0.14094
Cilastatin,Gatifloxacin,0.136842
Cilastatin,Daptomycin,0.126984
Cilastatin,Moxifloxacin,0.12426
Cilastatin,Tazobactam,0.119221
Cilastatin,Vancomycin,0.111111
Cilastatin,Amikacin,0.107383
Cilastatin,Dexamethasone,0.097804
Cilastatin,Minocycline,0.088929
Cilastatin,Rifampicin,0.088861
Cilastatin,Teicoplanin,0.086376
Cilastatin,Gentamicin,0.084559
Cilastatin,Doxycycline,0.082569
Cilastatin,Tobramycin,0.080074
Cilastatin,Linezolid,0.079914
Cilastatin,Clarithromycin,0.078838
Cilastatin,Colistin,0.076048
Cilastatin,Azithromycin,0.052632
Cilastatin,Metronidazole,0.028571
Gentamicin,Gentamicin,1
Gentamicin,Tobramycin,0.782946
Gentamicin,Amikacin,0.607516
Gentamicin,Azithromycin,0.332335
Gentamicin,Clarithromycin,0.318519
Gentamicin,Clindamycin,0.262525
Gentamicin,Dexamethasone,0.206581
Gentamicin,Doxycycline,0.200686
Gentamicin,Sulbactam,0.177829
Gentamicin,Minocycline,0.169687
Gentamicin,Piperacillin,0.169036
Gentamicin,Tigecycline,0.162791
Gentamicin,Tazobactam,0.156187
Gentamicin,Oseltamivir,0.151515
Gentamicin,Vancomycin,0.146245
Gentamicin,Amphotericin B,0.143498
Gentamicin,Cefepime,0.127214
Gentamicin,Clavulanate,0.123596
Gentamicin,Imipenem,0.122244
Gentamicin,Penicillin G,0.102941
Gentamicin,Ampicillin,0.101083
Gentamicin,Amoxicillin,0.099291
Gentamicin,Ticarcillin,0.099291
Gentamicin,Cefoperazone,0.093544
Gentamicin,Teicoplanin,0.092851
Gentamicin,Ofloxacin,0.09215
Gentamicin,Levofloxacin,0.09215
Gentamicin,Cloxacillin,0.091205
Gentamicin,Moxifloxacin,0.089744
Gentamicin,Linezolid,0.085409
Gentamicin,Cilastatin,0.084559
Gentamicin,Meropenem,0.078767
Gentamicin,Doripenem,0.077441
Gentamicin,Cephalexin,0.075838
Gentamicin,Cefdinir,0.073254
Gentamicin,Cefpodoxime,0.07084
Gentamicin,Cefuroxime,0.069692
Gentamicin,Ertapenem,0.069277
Gentamicin,Cefazolin,0.068581
Gentamicin,Cefixime,0.068581
Gentamicin,Cefotaxime,0.068581
Gentamicin,Ceftriaxone,0.061693
Gentamicin,Ceftazidime,0.06082
Gentamicin,Gatifloxacin,0.055195
Gentamicin,Rifampicin,0.048128
Gentamicin,Ciprofloxacin,0.045531
Gentamicin,Daptomycin,0.02961
Gentamicin,Colistin,0.012015
Trimethoprim,Trimethoprim,1
Trimethoprim,Sulfamethoxazole,0.273885
Trimethoprim,Cefpodoxime,0.256039
Trimethoprim,Gatifloxacin,0.253012
Trimethoprim,Fluconazole,0.239892
Trimethoprim,Moxifloxacin,0.235955
Trimethoprim,Ciprofloxacin,0.225
Trimethoprim,Ofloxacin,0.220096
Trimethoprim,Levofloxacin,0.220096
Trimethoprim,Penicillin G,0.189873
Trimethoprim,Ampicillin,0.182266
Trimethoprim,Cephalexin,0.182266
Trimethoprim,Cloxacillin,0.176471
Trimethoprim,Metronidazole,0.16041
Trimethoprim,Linezolid,0.140143
Trimethoprim,Piperacillin,0.13806
Trimethoprim,Tigecycline,0.137521
Trimethoprim,Doxycycline,0.135458
Trimethoprim,Cefuroxime,0.134904
Trimethoprim,Cefotaxime,0.134454
Trimethoprim,Clarithromycin,0.129272
Trimethoprim,Cefepime,0.126482
Trimethoprim,Ceftriaxone,0.125461
Trimethoprim,Minocycline,0.124031
Trimethoprim,Cefdinir,0.121076
Trimethoprim,Teicoplanin,0.116279
Trimethoprim,Vancomycin,0.112985
Trimethoprim,Azithromycin,0.111111
Trimethoprim,Cefixime,0.111111
Trimethoprim,Amoxicillin,0.108597
Trimethoprim,Ticarcillin,0.103604
Trimethoprim,Ertapenem,0.102662
Trimethoprim,Ceftazidime,0.095406
Trimethoprim,Rifampicin,0.095361
Trimethoprim,Cefoperazone,0.086957
Trimethoprim,Nitrofurantoin,0.086957
Trimethoprim,Cefazolin,0.08
Trimethoprim,Daptomycin,0.06626
Trimethoprim,Tazobactam,0.045131
Ciprofloxacin,Ciprofloxacin,1
Ciprofloxacin,Gatifloxacin,0.887417
Ciprofloxacin,Ofloxacin,0.848185
Ciprofloxacin,Levofloxacin,0.848185
Ciprofloxacin,Moxifloxacin,0.704545
Ciprofloxacin,Linezolid,0.402116
Ciprofloxacin,Fluconazole,0.262376
Ciprofloxacin,Tigecycline,0.260946
Ciprofloxacin,Trimethoprim,0.25964
Ciprofloxacin,Piperacillin,0.259542
Ciprofloxacin,Rifampicin,0.237964
Ciprofloxacin,Tazobactam,0.221945
Ciprofloxacin,Ticarcillin,0.218962
Ciprofloxacin,Penicillin G,0.212121
Ciprofloxacin,Cefepime,0.210938
Ciprofloxacin,Ampicillin,0.207289
Ciprofloxacin,Cephalexin,0.207289
Ciprofloxacin,Amoxicillin,0.2
Ciprofloxacin,Cloxacillin,0.196755
Ciprofloxacin,Nitrofurantoin,0.184211
Ciprofloxacin,Ceftriaxone,0.182796
Ciprofloxacin,Cefoperazone,0.181102
Ciprofloxacin,Minocycline,0.175373
Ciprofloxacin,Imipenem,0.173594
Ciprofloxacin,Clavulanate,0.173184
Ciprofloxacin,Ertapenem,0.173184
Ciprofloxacin,Sulbactam,0.168478
Ciprofloxacin,Cefdinir,0.165254
Ciprofloxacin,Metronidazole,0.164179
Ciprofloxacin,Cefuroxime,0.16
Ciprofloxacin,Cefpodoxime,0.158537
Ciprofloxacin,Cefixime,0.152344
Ciprofloxacin,Cefotaxime,0.152344
Ciprofloxacin,Azithromycin,0.142454
Ciprofloxacin,Sulfamethoxazole,0.142132
Ciprofloxacin,Cilastatin,0.14094
Ciprofloxacin,Cefazolin,0.134615
Ciprofloxacin,Ceftazidime,0.131757
Ciprofloxacin,Meropenem,0.129363
Ciprofloxacin,Doripenem,0.126761
Ciprofloxacin,Teicoplanin,0.1121
Ciprofloxacin,Doxycycline,0.101243
Ciprofloxacin,Vancomycin,0.093376
Ciprofloxacin,Daptomycin,0.079672
Ciprofloxacin,Clindamycin,0.067961
Ciprofloxacin,Amphotericin B,0.059752
Ciprofloxacin,Oseltamivir,0.058315
Ciprofloxacin,Dexamethasone,0.048825
Ciprofloxacin,Gentamicin,0.045531
Ciprofloxacin,Tobramycin,0.028668
Ciprofloxacin,Amikacin,0.02526
Ciprofloxacin,Clarithromycin,0.021438
Penicillin G,Penicillin G,1
Penicillin G,Ampicillin,0.954023
Penicillin G,Cephalexin,0.847826
Penicillin G,Amoxicillin,0.843972
Penicillin G,Ticarcillin,0.727575
Penicillin G,Cloxacillin,0.711712
Penicillin G,Piperacillin,0.636829
Penicillin G,Cefuroxime,0.564246
Penicillin G,Cefdinir,0.518625
Penicillin G,Sulbactam,0.512915
Penicillin G,Cefpodoxime,0.494565
Penicillin G,Cefotaxime,0.469072
Penicillin G,Cefoperazone,0.465863
Penicillin G,Tazobactam,0.459627
Penicillin G,Ertapenem,0.45933
Penicillin G,Meropenem,0.456044
Penicillin G,Ceftazidime,0.450893
Penicillin G,Cefepime,0.435407
Penicillin G,Cefixime,0.428571
Penicillin G,Cefazolin,0.403941
Penicillin G,Ceftriaxone,0.39738
Penicillin G,Clavulanate,0.355932
Penicillin G,Imipenem,0.32948
Penicillin G,Doxycycline,0.324503
Penicillin G,Minocycline,0.30064
Penicillin G,Linezolid,0.281407
Penicillin G,Doripenem,0.267606
Penicillin G,Moxifloxacin,0.2527
Penicillin G,Nitrofurantoin,0.239193
Penicillin G,Cilastatin,0.237374
Penicillin G,Ciprofloxacin,0.212121
Penicillin G,Tigecycline,0.211073
Penicillin G,Ofloxacin,0.2
Penicillin G,Levofloxacin,0.2
Penicillin G,Gatifloxacin,0.195652
Penicillin G,Trimethoprim,0.189873
Penicillin G,Oseltamivir,0.183879
Penicillin G,Dexamethasone,0.174004
Penicillin G,Teicoplanin,0.169202
Penicillin G,Clindamycin,0.162281
Penicillin G,Sulfamethoxazole,0.15903
Penicillin G,Rifampicin,0.145833
Penicillin G,Vancomycin,0.140203
Penicillin G,Fluconazole,0.134259
Penicillin G,Daptomycin,0.133122
Penicillin G,Amikacin,0.122278
Penicillin G,Gentamicin,0.102941
Penicillin G,Amphotericin B,0.088757
Penicillin G,Clarithromycin,0.079235
Penicillin G,Azithromycin,0.076294
Penicillin G,Colistin,0.058228
Penicillin G,Tobramycin,0.047957
Penicillin G,Metronidazole,0.027778
Amphotericin B,Amphotericin B,1
Amphotericin B,Amikacin,0.355721
Amphotericin B,Rifampicin,0.273262
Amphotericin B,Tobramycin,0.267252
Amphotericin B,Azithromycin,0.21608
Amphotericin B,Dexamethasone,0.211372
Amphotericin B,Clarithromycin,0.202783
Amphotericin B,Oseltamivir,0.199461
Amphotericin B,Minocycline,0.199069
Amphotericin B,Doxycycline,0.194379
Amphotericin B,Clindamycin,0.19197
Amphotericin B,Tigecycline,0.158221
Amphotericin B,Vancomycin,0.153846
Amphotericin B,Doripenem,0.148325
Amphotericin B,Meropenem,0.147343
Amphotericin B,Gentamicin,0.143498
Amphotericin B,Daptomycin,0.139163
Amphotericin B,Cilastatin,0.138924
Amphotericin B,Clavulanate,0.138889
Amphotericin B,Teicoplanin,0.136364
Amphotericin B,Ertapenem,0.134361
Amphotericin B,Imipenem,0.129653
Amphotericin B,Cefotaxime,0.113611
Amphotericin B,Cefuroxime,0.103604
Amphotericin B,Sulbactam,0.097884
Amphotericin B,Ticarcillin,0.096849
Amphotericin B,Penicillin G,0.088757
Amphotericin B,Ampicillin,0.087719
Amphotericin B,Amoxicillin,0.086705
Amphotericin B,Cloxacillin,0.081967
Amphotericin B,Colistin,0.080499
Amphotericin B,Piperacillin,0.076142
Amphotericin B,Tazobactam,0.068427
Amphotericin B,Gatifloxacin,0.061269
Amphotericin B,Moxifloxacin,0.051525
Amphotericin B,Linezolid,0.048478
Amphotericin B,Ciprofloxacin,0.043285
Amphotericin B,Cephalexin,0.042601
Amphotericin B,Ofloxacin,0.042345
Amphotericin B,Levofloxacin,0.042345
Amphotericin B,Cefdinir,0.041667
Amphotericin B,Cefpodoxime,0.040773
Amphotericin B,Cefazolin,0.039916
Amphotericin B,Cefixime,0.039916
Amphotericin B,Cefepime,0.038697
Amphotericin B,Ceftriaxone,0.037182
Amphotericin B,Ceftazidime,0.036822
Amphotericin B,Cefoperazone,0.034173
Amphotericin B,Metronidazole,0.012821
Ampicillin,Ampicillin,1
Ampicillin,Amoxicillin,0.95572
Ampicillin,Penicillin G,0.954023
Ampicillin,Cephalexin,0.890909
Ampicillin,Ticarcillin,0.709677
Ampicillin,Cloxacillin,0.690962
Ampicillin,Piperacillin,0.662404
Ampicillin,Cefuroxime,0.583333
Ampicillin,Cefdinir,0.538462
Ampicillin,Cefpodoxime,0.513514
Ampicillin,Sulbactam,0.494662
Ampicillin,Cefotaxime,0.487179
Ampicillin,Cefoperazone,0.485944
Ampicillin,Ertapenem,0.479714
Ampicillin,Meropenem,0.47541
Ampicillin,Ceftazidime,0.466667
Ampicillin,Cefepime,0.452381
Ampicillin,Cefixime,0.446384
Ampicillin,Tazobactam,0.445783
Ampicillin,Cefazolin,0.418093
Ampicillin,Ceftriaxone,0.413043
Ampicillin,Clavulanate,0.344262
Ampicillin,Imipenem,0.320225
Ampicillin,Doxycycline,0.317495
Ampicillin,Minocycline,0.294363
Ampicillin,Cilastatin,0.28866
Ampicillin,Linezolid,0.27451
Ampicillin,Doripenem,0.261468
Ampicillin,Moxifloxacin,0.247357
Ampicillin,Nitrofurantoin,0.232493
Ampicillin,Dexamethasone,0.228448
Ampicillin,Tigecycline,0.224138
Ampicillin,Ciprofloxacin,0.207289
Ampicillin,Ofloxacin,0.195652
Ampicillin,Levofloxacin,0.195652
Ampicillin,Gatifloxacin,0.191489
Ampicillin,Trimethoprim,0.182266
Ampicillin,Oseltamivir,0.179361
Ampicillin,Teicoplanin,0.177588
Ampicillin,Clindamycin,0.158798
Ampicillin,Sulfamethoxazole,0.154856
Ampicillin,Daptomycin,0.151079
Ampicillin,Vancomycin,0.148649
Ampicillin,Rifampicin,0.143959
Ampicillin,Fluconazole,0.131222
Ampicillin,Amikacin,0.122112
Ampicillin,Gentamicin,0.101083
Ampicillin,Amphotericin B,0.087719
Ampicillin,Clarithromycin,0.078167
Ampicillin,Azithromycin,0.075269
Ampicillin,Colistin,0.05
Ampicillin,Tobramycin,0.04712
Ampicillin,Metronidazole,0.027027
Clavulanate,Clavulanate,1
Clavulanate,Sulbactam,0.519608
Clavulanate,Tazobactam,0.401515
Clavulanate,Cefdinir,0.365079
Clavulanate,Penicillin G,0.355932
Clavulanate,Ampicillin,0.344262
Clavulanate,Cephalexin,0.344262
Clavulanate,Amoxicillin,0.333333
Clavulanate,Ticarcillin,0.333333
Clavulanate,Imipenem,0.323529
Clavulanate,Cefpodoxime,0.304348
Clavulanate,Cefuroxime,0.295775
Clavulanate,Cefazolin,0.287671
Clavulanate,Cefixime,0.287671
Clavulanate,Cefotaxime,0.287671
Clavulanate,Cloxacillin,0.287671
Clavulanate,Cefepime,0.265823
Clavulanate,Meropenem,0.25731
Clavulanate,Doripenem,0.25
Clavulanate,Ceftriaxone,0.241379
Clavulanate,Piperacillin,0.241379
Clavulanate,Ceftazidime,0.235955
Clavulanate,Tobramycin,0.234257
Clavulanate,Ofloxacin,0.21547
Clavulanate,Levofloxacin,0.21547
Clavulanate,Cilastatin,0.214953
Clavulanate,Gatifloxacin,0.209677
Clavulanate,Ertapenem,0.208531
Clavulanate,Cefoperazone,0.2
Clavulanate,Amikacin,0.194969
Clavulanate,Doxycycline,0.193317
Clavulanate,Dexamethasone,0.18863
Clavulanate,Minocycline,0.167048
Clavulanate,Nitrofurantoin,0.157895
Clavulanate,Azithromycin,0.142384
Clavulanate,Ciprofloxacin,0.141304
Clavulanate,Amphotericin B,0.138889
Clavulanate,Tigecycline,0.13852
Clavulanate,Oseltamivir,0.12462
Clavulanate,Moxifloxacin,0.121495
Clavulanate,Clarithromycin,0.116505
Clavulanate,Linezolid,0.111111
Clavulanate,Gentamicin,0.096491
Clavulanate,Clindamycin,0.094148
Clavulanate,Vancomycin,0.082251
Clavulanate,Teicoplanin,0.079274
Clavulanate,Rifampicin,0.071429
Clavulanate,Metronidazole,0.071429
Clavulanate,Daptomycin,0.043137
Imipenem,Imipenem,1
Imipenem,Meropenem,0.655405
Imipenem,Doripenem,0.552795
Imipenem,Ertapenem,0.515957
Imipenem,Sulbactam,0.345455
Imipenem,Penicillin G,0.32948
Imipenem,Clavulanate,0.323529
Imipenem,Ampicillin,0.320225
Imipenem,Amoxicillin,0.311475
Imipenem,Ticarcillin,0.311475
Imipenem,Cephalexin,0.305556
Imipenem,Cefazolin,0.292683
Imipenem,Cefdinir,0.289474
Imipenem,Cilastatin,0.285714
Imipenem,Tazobactam,0.283582
Imipenem,Cefpodoxime,0.275
Imipenem,Cloxacillin,0.274038
Imipenem,Cefuroxime,0.268293
Imipenem,Cefixime,0.261905
Imipenem,Cefotaxime,0.261905
Imipenem,Ceftriaxone,0.25
Imipenem,Cefepime,0.244444
Imipenem,Piperacillin,0.234568
Imipenem,Ceftazidime,0.22
Imipenem,Cefoperazone,0.210526
Imipenem,Linezolid,0.192893
Imipenem,Tigecycline,0.178571
Imipenem,Oseltamivir,0.174863
Imipenem,Ciprofloxacin,0.173594
Imipenem,Clindamycin,0.172249
Imipenem,Minocycline,0.168033
Imipenem,Amikacin,0.166667
Imipenem,Dexamethasone,0.165919
Imipenem,Ofloxacin,0.165501
Imipenem,Levofloxacin,0.165501
Imipenem,Gatifloxacin,0.161731
Imipenem,Moxifloxacin,0.158798
Imipenem,Doxycycline,0.142857
Imipenem,Amphotericin B,0.128205
Imipenem,Tobramycin,0.124744
Imipenem,Gentamicin,0.122244
Imipenem,Metronidazole,0.118644
Imipenem,Nitrofurantoin,0.104816
Imipenem,Rifampicin,0.099476
Imipenem,Daptomycin,0.091909
Imipenem,Azithromycin,0.090116
Imipenem,Teicoplanin,0.084777
Imipenem,Clarithromycin,0.080692
Imipenem,Vancomycin,0.076417
Imipenem,Colistin,0.051821
Ceftriaxone,Ceftriaxone,1
Ceftriaxone,Cefpodoxime,0.682927
Ceftriaxone,Cefdinir,0.662531
Ceftriaxone,Cefotaxime,0.651163
Ceftriaxone,Cefixime,0.639723
Ceftriaxone,Cefepime,0.608696
Ceftriaxone,Ceftazidime,0.545988
Ceftriaxone,Cefazolin,0.49789
Ceftriaxone,Cefuroxime,0.489362
Ceftriaxone,Cephalexin,0.460674
Ceftriaxone,Ticarcillin,0.437908
Ceftriaxone,Cefoperazone,0.414634
Ceftriaxone,Ampicillin,0.413043
Ceftriaxone,Amoxicillin,0.404255
Ceftriaxone,Penicillin G,0.39738
Ceftriaxone,Cloxacillin,0.370656
Ceftriaxone,Meropenem,0.337325
Ceftriaxone,Piperacillin,0.322034
Ceftriaxone,Sulbactam,0.288056
Ceftriaxone,Ertapenem,0.260504
Ceftriaxone,Tazobactam,0.255144
Ceftriaxone,Imipenem,0.25
Ceftriaxone,Clavulanate,0.241379
Ceftriaxone,Moxifloxacin,0.239243
Ceftriaxone,Cilastatin,0.22093
Ceftriaxone,Minocycline,0.205788
Ceftriaxone,Tigecycline,0.205165
Ceftriaxone,Ciprofloxacin,0.2
Ceftriaxone,Oseltamivir,0.193738
Ceftriaxone,Doripenem,0.190893
Ceftriaxone,Linezolid,0.179673
Ceftriaxone,Gatifloxacin,0.177474
Ceftriaxone,Doxycycline,0.174603
Ceftriaxone,Teicoplanin,0.161017
Ceftriaxone,Nitrofurantoin,0.158537
Ceftriaxone,Clindamycin,0.141397
Ceftriaxone,Dexamethasone,0.132686
Ceftriaxone,Trimethoprim,0.125461
Ceftriaxone,Daptomycin,0.117438
Ceftriaxone,Ofloxacin,0.114754
Ceftriaxone,Levofloxacin,0.114754
Ceftriaxone,Metronidazole,0.101512
Ceftriaxone,Rifampicin,0.099138
Ceftriaxone,Amikacin,0.097561
Ceftriaxone,Vancomycin,0.097202
Ceftriaxone,Azithromycin,0.095406
Ceftriaxone,Gentamicin,0.061693
Ceftriaxone,Fluconazole,0.060606
Ceftriaxone,Colistin,0.056371
Ceftriaxone,Sulfamethoxazole,0.055556
Ceftriaxone,Clarithromycin,0.044944
Ceftriaxone,Tobramycin,0.038407
Ceftriaxone,Amphotericin B,0.037182
Rifampicin,Rifampicin,1
Rifampicin,Ertapenem,0.304348
Rifampicin,Amphotericin B,0.285856
Rifampicin,Doxycycline,0.25
Rifampicin,Minocycline,0.245283
Rifampicin,Ofloxacin,0.233244
Rifampicin,Levofloxacin,0.233244
Rifampicin,Oseltamivir,0.214286
Rifampicin,Gatifloxacin,0.214099
Rifampicin,Cefuroxime,0.209781
Rifampicin,Meropenem,0.206897
Rifampicin,Piperacillin,0.194379
Rifampicin,Cefotaxime,0.193467
Rifampicin,Tigecycline,0.192053
Rifampicin,Ciprofloxacin,0.17801
Rifampicin,Moxifloxacin,0.176471
Rifampicin,Dexamethasone,0.175
Rifampicin,Clindamycin,0.174194
Rifampicin,Cefoperazone,0.168421
Rifampicin,Linezolid,0.163399
Rifampicin,Trimethoprim,0.159618
Rifampicin,Daptomycin,0.155811
Rifampicin,Cloxacillin,0.150121
Rifampicin,Amoxicillin,0.147959
Rifampicin,Penicillin G,0.145833
Rifampicin,Ampicillin,0.143959
Rifampicin,Cefepime,0.139535
Rifampicin,Nitrofurantoin,0.132867
Rifampicin,Cefpodoxime,0.132765
Rifampicin,Cephalexin,0.129442
Rifampicin,Vancomycin,0.127036
Rifampicin,Amikacin,0.124197
Rifampicin,Doripenem,0.117861
Rifampicin,Imipenem,0.115538
Rifampicin,Ceftriaxone,0.108696
Rifampicin,Clarithromycin,0.099624
Rifampicin,Ticarcillin,0.097561
Rifampicin,Teicoplanin,0.09673
Rifampicin,Fluconazole,0.090226
Rifampicin,Cilastatin,0.088861
Rifampicin,Cefdinir,0.085919
Rifampicin,Azithromycin,0.084337
Rifampicin,Cefixime,0.082005
Rifampicin,Ceftazidime,0.075157
Rifampicin,Clavulanate,0.072902
Rifampicin,Cefazolin,0.072235
Rifampicin,Colistin,0.062366
Rifampicin,Sulfamethoxazole,0.061599
Rifampicin,Gentamicin,0.048128
Rifampicin,Sulbactam,0.047745
Rifampicin,Tazobactam,0.044226
Rifampicin,Metronidazole,0.013514
Vancomycin,Vancomycin,1
Vancomycin,Teicoplanin,0.460674
Vancomycin,Daptomycin,0.293984
Vancomycin,Amikacin,0.252059
Vancomycin,Azithromycin,0.248097
Vancomycin,Cefoperazone,0.210728
Vancomycin,Clarithromycin,0.208548
Vancomycin,Tobramycin,0.199001
Vancomycin,Piperacillin,0.194868
Vancomycin,Cloxacillin,0.187291
Vancomycin,Doxycycline,0.175994
Vancomycin,Amoxicillin,0.175966
Vancomycin,Tigecycline,0.163664
Vancomycin,Ceftazidime,0.153846
Vancomycin,Amphotericin B,0.153094
Vancomycin,Cephalexin,0.151566
Vancomycin,Moxifloxacin,0.151369
Vancomycin,Clindamycin,0.150959
Vancomycin,Ampicillin,0.148649
Vancomycin,Gatifloxacin,0.147541
Vancomycin,Gentamicin,0.146245
Vancomycin,Penicillin G,0.140203
Vancomycin,Ertapenem,0.139735
Vancomycin,Ticarcillin,0.136929
Vancomycin,Cefuroxime,0.134352
Vancomycin,Minocycline,0.131783
Vancomycin,Rifampicin,0.124837
Vancomycin,Cefixime,0.12253
Vancomycin,Ceftriaxone,0.121988
Vancomycin,Trimethoprim,0.120543
Vancomycin,Cefdinir,0.116505
Vancomycin,Dexamethasone,0.115506
Vancomycin,Meropenem,0.113801
Vancomycin,Cefazolin,0.113725
Vancomycin,Linezolid,0.109299
Vancomycin,Cefpodoxime,0.107595
Vancomycin,Cilastatin,0.107438
Vancomycin,Cefotaxime,0.105919
Vancomycin,Doripenem,0.104928
Vancomycin,Cefepime,0.103501
Vancomycin,Ciprofloxacin,0.093376
Vancomycin,Ofloxacin,0.091909
Vancomycin,Levofloxacin,0.091909
Vancomycin,Oseltamivir,0.090909
Vancomycin,Clavulanate,0.082251
Vancomycin,Sulfamethoxazole,0.081995
Vancomycin,Imipenem,0.076417
Vancomycin,Nitrofurantoin,0.072925
Vancomycin,Tazobactam,0.071429
Vancomycin,Colistin,0.067926
Vancomycin,Sulbactam,0.06599
Vancomycin,Fluconazole,0.055118
Vancomycin,Metronidazole,0.024349
Amikacin,Amikacin,1
Amikacin,Tobramycin,0.759259
Amikacin,Gentamicin,0.607516
Amikacin,Amphotericin B,0.342365
Amikacin,Clindamycin,0.310861
Amikacin,Azithromycin,0.302578
Amikacin,Clarithromycin,0.302578
Amikacin,Vancomycin,0.252059
Amikacin,Meropenem,0.238938
Amikacin,Imipenem,0.206897
Amikacin,Dexamethasone,0.198686
Amikacin,Ertapenem,0.196319
Amikacin,Oseltamivir,0.196262
Amikacin,Doxycycline,0.152695
Amikacin,Doripenem,0.147011
Amikacin,Minocycline,0.132075
Amikacin,Rifampicin,0.124197
Amikacin,Penicillin G,0.122278
Amikacin,Ampicillin,0.122112
Amikacin,Cephalexin,0.122112
Amikacin,Amoxicillin,0.12013
Amikacin,Cefdinir,0.11465
Amikacin,Cefpodoxime,0.111111
Amikacin,Cloxacillin,0.109445
Amikacin,Cefuroxime,0.109422
Amikacin,Tigecycline,0.10828
Amikacin,Cefixime,0.107784
Amikacin,Cefotaxime,0.107784
Amikacin,Clavulanate,0.106796
Amikacin,Ofloxacin,0.105919
Amikacin,Levofloxacin,0.105919
Amikacin,Ticarcillin,0.105769
Amikacin,Cilastatin,0.103679
Amikacin,Cefepime,0.103152
Amikacin,Piperacillin,0.100543
Amikacin,Ceftriaxone,0.097561
Amikacin,Ceftazidime,0.096257
Amikacin,Daptomycin,0.092896
Amikacin,Cefoperazone,0.089588
Amikacin,Cefazolin,0.083455
Amikacin,Moxifloxacin,0.077586
Amikacin,Linezolid,0.075949
Amikacin,Colistin,0.069569
Amikacin,Sulbactam,0.043165
Amikacin,Tazobactam,0.038961
Amikacin,Metronidazole,0.036468
Amikacin,Teicoplanin,0.033973
Amikacin,Ciprofloxacin,0.02526
Amikacin,Gatifloxacin,0.024182
Amoxicillin,Amoxicillin,1
Amoxicillin,Ampicillin,0.95572
Amoxicillin,Cephalexin,0.853147
Amoxicillin,Penicillin G,0.843972
Amoxicillin,Ticarcillin,0.6875
Amoxicillin,Piperacillin,0.641791
Amoxicillin,Cefuroxime,0.60221
Amoxicillin,Cloxacillin,0.586022
Amoxicillin,Cefdinir,0.523546
Amoxicillin,Cefoperazone,0.509054
Amoxicillin,Cefpodoxime,0.5
Amoxicillin,Ceftazidime,0.485588
Amoxicillin,Sulbactam,0.477663
Amoxicillin,Cefotaxime,0.475
Amoxicillin,Cefixime,0.471322
Amoxicillin,Ertapenem,0.465116
Amoxicillin,Meropenem,0.462766
Amoxicillin,Cefepime,0.44186
Amoxicillin,Tazobactam,0.432749
Amoxicillin,Cefazolin,0.408115
Amoxicillin,Ceftriaxone,0.404255
Amoxicillin,Doxycycline,0.336207
Amoxicillin,Clavulanate,0.333333
Amoxicillin,Minocycline,0.317992
Amoxicillin,Imipenem,0.311475
Amoxicillin,Cilastatin,0.281407
Amoxicillin,Linezolid,0.270983
Amoxicillin,Nitrofurantoin,0.260504
Amoxicillin,Doripenem,0.255605
Amoxicillin,Dexamethasone,0.223629
Amoxicillin,Teicoplanin,0.220703
Amoxicillin,Fluconazole,0.220096
Amoxicillin,Moxifloxacin,0.219512
Amoxicillin,Tigecycline,0.202003
Amoxicillin,Ciprofloxacin,0.2
Amoxicillin,Vancomycin,0.175966
Amoxicillin,Oseltamivir,0.17506
Amoxicillin,Clindamycin,0.155462
Amoxicillin,Sulfamethoxazole,0.153846
Amoxicillin,Rifampicin,0.147959
Amoxicillin,Daptomycin,0.132812
Amoxicillin,Amikacin,0.12013
Amoxicillin,Ofloxacin,0.111111
Amoxicillin,Levofloxacin,0.111111
Amoxicillin,Gatifloxacin,0.108949
Amoxicillin,Trimethoprim,0.108597
Amoxicillin,Gentamicin,0.099291
Amoxicillin,Amphotericin B,0.086705
Amoxicillin,Clarithromycin,0.077128
Amoxicillin,Azithromycin,0.074271
Amoxicillin,Colistin,0.049751
Amoxicillin,Tobramycin,0.046312
Amoxicillin,Metronidazole,0.026316
Azithromycin,Azithromycin,1
Azithromycin,Clarithromycin,0.884817
Azithromycin,Gentamicin,0.332335
Azithromycin,Tobramycin,0.323308
Azithromycin,Amikacin,0.322314
Azithromycin,Dexamethasone,0.24269
Azithromycin,Vancomycin,0.213916
Azithromycin,Doxycycline,0.212534
Azithromycin,Amphotericin B,0.212425
Azithromycin,Moxifloxacin,0.206657
Azithromycin,Clindamycin,0.200586
Azithromycin,Gatifloxacin,0.183099
Azithromycin,Meropenem,0.181556
Azithromycin,Cilastatin,0.176471
Azithromycin,Minocycline,0.16129
Azithromycin,Oseltamivir,0.155015
Azithromycin,Doripenem,0.151179
Azithromycin,Tigecycline,0.144509
Azithromycin,Linezolid,0.142857
Azithromycin,Ciprofloxacin,0.129707
Azithromycin,Teicoplanin,0.116006
Azithromycin,Clavulanate,0.112903
Azithromycin,Ertapenem,0.101591
Azithromycin,Sulbactam,0.098901
Azithromycin,Cefuroxime,0.092545
Azithromycin,Cefpodoxime,0.092328
Azithromycin,Cefdinir,0.091877
Azithromycin,Cefotaxime,0.091371
Azithromycin,Tazobactam,0.088825
Azithromycin,Imipenem,0.088534
Azithromycin,Cefepime,0.08802
Azithromycin,Cefixime,0.087231
Azithromycin,Trimethoprim,0.085714
Azithromycin,Rifampicin,0.084337
Azithromycin,Cephalexin,0.084011
Azithromycin,Ceftriaxone,0.083916
Azithromycin,Cefazolin,0.077694
Azithromycin,Penicillin G,0.076294
Azithromycin,Cefoperazone,0.075949
Azithromycin,Ampicillin,0.075269
Azithromycin,Ofloxacin,0.07513
Azithromycin,Levofloxacin,0.07513
Azithromycin,Amoxicillin,0.074271
Azithromycin,Ticarcillin,0.074271
Azithromycin,Ceftazidime,0.070615
Azithromycin,Cloxacillin,0.069652
Azithromycin,Piperacillin,0.066514
Azithromycin,Nitrofurantoin,0.037464
Azithromycin,Daptomycin,0.021985
Cefazolin,Cefazolin,1
Cefazolin,Cefdinir,0.550388
Cefazolin,Cefpodoxime,0.530864
Cefazolin,Cefotaxime,0.505882
Cefazolin,Cefixime,0.498829
Cefazolin,Ceftriaxone,0.49789
Cefazolin,Cefepime,0.472527
Cefazolin,Cephalexin,0.472081
Cefazolin,Ceftazidime,0.425743
Cefazolin,Cefoperazone,0.420959
Cefazolin,Cefuroxime,0.418919
Cefazolin,Ampicillin,0.418093
Cefazolin,Amoxicillin,0.408115
Cefazolin,Penicillin G,0.403941
Cefazolin,Tazobactam,0.398964
Cefazolin,Cloxacillin,0.39738
Cefazolin,Ticarcillin,0.381733
Cefazolin,Piperacillin,0.357553
Cefazolin,Sulbactam,0.344538
Cefazolin,Meropenem,0.342282
Cefazolin,Ertapenem,0.292776
Cefazolin,Imipenem,0.292683
Cefazolin,Clavulanate,0.287671
Cefazolin,Oseltamivir,0.227273
Cefazolin,Doripenem,0.217565
Cefazolin,Cilastatin,0.214751
Cefazolin,Moxifloxacin,0.197053
Cefazolin,Metronidazole,0.167109
Cefazolin,Tigecycline,0.164902
Cefazolin,Clindamycin,0.160542
Cefazolin,Minocycline,0.154499
Cefazolin,Ofloxacin,0.146617
Cefazolin,Levofloxacin,0.146617
Cefazolin,Gatifloxacin,0.143911
Cefazolin,Doxycycline,0.137521
Cefazolin,Ciprofloxacin,0.134615
Cefazolin,Teicoplanin,0.133391
Cefazolin,Dexamethasone,0.120996
Cefazolin,Vancomycin,0.113725
Cefazolin,Fluconazole,0.111111
Cefazolin,Daptomycin,0.107011
Cefazolin,Nitrofurantoin,0.101322
Cefazolin,Linezolid,0.090226
Cefazolin,Azithromycin,0.089987
Cefazolin,Amikacin,0.083455
Cefazolin,Trimethoprim,0.08
Cefazolin,Rifampicin,0.072235
Cefazolin,Gentamicin,0.068581
Cefazolin,Colistin,0.046512
Cefazolin,Tobramycin,0.042654
Cefazolin,Sulfamethoxazole,0.041667
Cefazolin,Amphotericin B,0.039916
Cefazolin,Clarithromycin,0.036145
Cefixime,Cefixime,1
Cefixime,Cefdinir,0.869159
Cefixime,Cefpodoxime,0.80758
Cefixime,Cefotaxime,0.763085
Cefixime,Ceftazidime,0.743341
Cefixime,Cefepime,0.704835
Cefixime,Ceftriaxone,0.639723
Cefixime,Ticarcillin,0.594595
Cefixime,Cefuroxime,0.563275
Cefixime,Cephalexin,0.542553
Cefixime,Cefazolin,0.498829
Cefixime,Ampicillin,0.483376
Cefixime,Amoxicillin,0.471322
Cefixime,Penicillin G,0.465296
Cefixime,Cefoperazone,0.405975
Cefixime,Cloxacillin,0.394336
Cefixime,Meropenem,0.392111
Cefixime,Ertapenem,0.368209
Cefixime,Piperacillin,0.362764
Cefixime,Sulbactam,0.340782
Cefixime,Tazobactam,0.291866
Cefixime,Imipenem,0.261905
Cefixime,Cilastatin,0.241685
Cefixime,Oseltamivir,0.22449
Cefixime,Clavulanate,0.217617
Cefixime,Doripenem,0.217565
Cefixime,Moxifloxacin,0.214953
Cefixime,Minocycline,0.209964
Cefixime,Tigecycline,0.193798
Cefixime,Nitrofurantoin,0.184834
Cefixime,Clindamycin,0.174168
Cefixime,Dexamethasone,0.166667
Cefixime,Doxycycline,0.15917
Cefixime,Ciprofloxacin,0.152344
Cefixime,Ofloxacin,0.146617
Cefixime,Levofloxacin,0.146617
Cefixime,Linezolid,0.143984
Cefixime,Gatifloxacin,0.143911
Cefixime,Teicoplanin,0.142355
Cefixime,Daptomycin,0.122754
Cefixime,Vancomycin,0.121643
Cefixime,Amikacin,0.107784
Cefixime,Trimethoprim,0.093117
Cefixime,Metronidazole,0.089109
Cefixime,Azithromycin,0.088608
Cefixime,Rifampicin,0.082005
Cefixime,Fluconazole,0.081081
Cefixime,Gentamicin,0.068581
Cefixime,Sulfamethoxazole,0.06383
Cefixime,Colistin,0.058305
Cefixime,Tobramycin,0.042654
Cefixime,Amphotericin B,0.039916
Cefixime,Clarithromycin,0.036145
Cefoperazone,Cefoperazone,1
Cefoperazone,Piperacillin,0.750503
Cefoperazone,Cephalexin,0.532091
Cefoperazone,Amoxicillin,0.509054
Cefoperazone,Ampicillin,0.485944
Cefoperazone,Cefepime,0.474245
Cefoperazone,Ceftriaxone,0.438017
Cefoperazone,Penicillin G,0.437008
Cefoperazone,Cefpodoxime,0.42596
Cefoperazone,Cefazolin,0.420959
Cefoperazone,Cefotaxime,0.410935
Cefoperazone,Cefdinir,0.410019
Cefoperazone,Ceftazidime,0.401274
Cefoperazone,Cefuroxime,0.39576
Cefoperazone,Cefixime,0.381693
Cefoperazone,Cloxacillin,0.360544
Cefoperazone,Ticarcillin,0.348921
Cefoperazone,Ertapenem,0.286371
Cefoperazone,Tazobactam,0.282051
Cefoperazone,Ofloxacin,0.260229
Cefoperazone,Levofloxacin,0.260229
Cefoperazone,Linezolid,0.256367
Cefoperazone,Moxifloxacin,0.25387
Cefoperazone,Clindamycin,0.247947
Cefoperazone,Tigecycline,0.246649
Cefoperazone,Doxycycline,0.246246
Cefoperazone,Sulbactam,0.237911
Cefoperazone,Gatifloxacin,0.232227
Cefoperazone,Minocycline,0.229868
Cefoperazone,Teicoplanin,0.227923
Cefoperazone,Meropenem,0.219904
Cefoperazone,Ciprofloxacin,0.219512
Cefoperazone,Imipenem,0.210526
Cefoperazone,Vancomycin,0.209801
Cefoperazone,Cilastatin,0.20603
Cefoperazone,Clavulanate,0.2
Cefoperazone,Fluconazole,0.196013
Cefoperazone,Oseltamivir,0.186441
Cefoperazone,Rifampicin,0.185897
Cefoperazone,Nitrofurantoin,0.170213
Cefoperazone,Doripenem,0.164902
Cefoperazone,Sulfamethoxazole,0.134021
Cefoperazone,Dexamethasone,0.128571
Cefoperazone,Daptomycin,0.126952
Cefoperazone,Trimethoprim,0.104101
Cefoperazone,Gentamicin,0.093544
Cefoperazone,Amikacin,0.089588
Cefoperazone,Azithromycin,0.086262
Cefoperazone,Metronidazole,0.069519
Cefoperazone,Colistin,0.065197
Cefoperazone,Clarithromycin,0.040816
Cefoperazone,Amphotericin B,0.034173
Cefoperazone,Tobramycin,0.034048
Cefotaxime,Cefotaxime,1
Cefotaxime,Cefpodoxime,0.91358
Cefotaxime,Cefdinir,0.801802
Cefotaxime,Cefixime,0.763085
Cefotaxime,Cefepime,0.717949
Cefotaxime,Cefuroxime,0.702703
Cefotaxime,Ceftriaxone,0.651163
Cefotaxime,Ceftazidime,0.632653
Cefotaxime,Cephalexin,0.546667
Cefotaxime,Cefazolin,0.534772
Cefotaxime,Ticarcillin,0.51671
Cefotaxime,Ampicillin,0.487179
Cefotaxime,Amoxicillin,0.475
Cefotaxime,Penicillin G,0.469072
Cefotaxime,Cefoperazone,0.410935
Cefotaxime,Cloxacillin,0.39738
Cefotaxime,Meropenem,0.392111
Cefotaxime,Piperacillin,0.365385
Cefotaxime,Sulbactam,0.344538
Cefotaxime,Tazobactam,0.298077
Cefotaxime,Ertapenem,0.295238
Cefotaxime,Oseltamivir,0.288783
Cefotaxime,Clavulanate,0.287671
Cefotaxime,Imipenem,0.261905
Cefotaxime,Moxifloxacin,0.219512
Cefotaxime,Doripenem,0.217565
Cefotaxime,Minocycline,0.209964
Cefotaxime,Tigecycline,0.193798
Cefotaxime,Rifampicin,0.193467
Cefotaxime,Nitrofurantoin,0.184834
Cefotaxime,Cilastatin,0.166667
Cefotaxime,Clindamycin,0.160542
Cefotaxime,Doxycycline,0.15917
Cefotaxime,Ciprofloxacin,0.152344
Cefotaxime,Dexamethasone,0.149635
Cefotaxime,Gatifloxacin,0.148148
Cefotaxime,Ofloxacin,0.146617
Cefotaxime,Levofloxacin,0.146617
Cefotaxime,Linezolid,0.143984
Cefotaxime,Teicoplanin,0.13438
Cefotaxime,Trimethoprim,0.115702
Cefotaxime,Vancomycin,0.1146
Cefotaxime,Amphotericin B,0.113611
Cefotaxime,Daptomycin,0.109467
Cefotaxime,Amikacin,0.107784
Cefotaxime,Azithromycin,0.103979
Cefotaxime,Metronidazole,0.089109
Cefotaxime,Fluconazole,0.081081
Cefotaxime,Gentamicin,0.068581
Cefotaxime,Sulfamethoxazole,0.06383
Cefotaxime,Colistin,0.058305
Cefotaxime,Clarithromycin,0.04878
Cefotaxime,Tobramycin,0.042654
Ceftazidime,Ceftazidime,1
Ceftazidime,Cefepime,0.77305
Ceftazidime,Cefixime,0.743341
Ceftazidime,Cefpodoxime,0.662708
Ceftazidime,Cefdinir,0.646489
Ceftazidime,Cefotaxime,0.632653
Ceftazidime,Cephalexin,0.552941
Ceftazidime,Ceftriaxone,0.545988
Ceftazidime,Cefuroxime,0.507431
Ceftazidime,Ampicillin,0.5
Ceftazidime,Ticarcillin,0.495536
Ceftazidime,Amoxicillin,0.485588
Ceftazidime,Penicillin G,0.484018
Ceftazidime,Cloxacillin,0.466395
Ceftazidime,Cefazolin,0.425743
Ceftazidime,Cefoperazone,0.423948
Ceftazidime,Piperacillin,0.385965
Ceftazidime,Ertapenem,0.366906
Ceftazidime,Meropenem,0.330724
Ceftazidime,Tazobactam,0.327623
Ceftazidime,Sulbactam,0.281465
Ceftazidime,Clavulanate,0.235955
Ceftazidime,Cilastatin,0.226054
Ceftazidime,Doxycycline,0.221498
Ceftazidime,Imipenem,0.22
Ceftazidime,Tigecycline,0.192146
Ceftazidime,Oseltamivir,0.190019
Ceftazidime,Doripenem,0.187608
Ceftazidime,Moxifloxacin,0.186992
Ceftazidime,Minocycline,0.183801
Ceftazidime,Daptomycin,0.159208
Ceftazidime,Nitrofurantoin,0.155378
Ceftazidime,Teicoplanin,0.152882
Ceftazidime,Clindamycin,0.139028
Ceftazidime,Sulfamethoxazole,0.135029
Ceftazidime,Vancomycin,0.132075
Ceftazidime,Ciprofloxacin,0.131757
Ceftazidime,Dexamethasone,0.130573
Ceftazidime,Linezolid,0.130137
Ceftazidime,Ofloxacin,0.127451
Ceftazidime,Levofloxacin,0.127451
Ceftazidime,Gatifloxacin,0.125402
Ceftazidime,Amikacin,0.096257
Ceftazidime,Fluconazole,0.09029
Ceftazidime,Azithromycin,0.081703
Ceftazidime,Trimethoprim,0.080139
Ceftazidime,Rifampicin,0.075157
Ceftazidime,Metronidazole,0.07438
Ceftazidime,Gentamicin,0.06082
Ceftazidime,Colistin,0.056106
Ceftazidime,Tobramycin,0.037868
Ceftazidime,Amphotericin B,0.036822
Ceftazidime,Clarithromycin,0.032967
Cefuroxime,Cefuroxime,1
Cefuroxime,Cefotaxime,0.702703
Cefuroxime,Cefpodoxime,0.675824
Cefuroxime,Cephalexin,0.652174
Cefuroxime,Amoxicillin,0.60221
Cefuroxime,Ampicillin,0.583333
Cefuroxime,Cefdinir,0.581769
Cefuroxime,Penicillin G,0.564246
Cefuroxime,Cefixime,0.563275
Cefuroxime,Cefepime,0.534884
Cefuroxime,Ceftazidime,0.507431
Cefuroxime,Ticarcillin,0.494845
Cefuroxime,Ceftriaxone,0.489362
Cefuroxime,Cloxacillin,0.438356
Cefuroxime,Piperacillin,0.428571
Cefuroxime,Cefoperazone,0.420863
Cefuroxime,Cefazolin,0.418919
Cefuroxime,Meropenem,0.398104
Cefuroxime,Sulbactam,0.354467
Cefuroxime,Ertapenem,0.353535
Cefuroxime,Tazobactam,0.338384
Cefuroxime,Nitrofurantoin,0.303191
Cefuroxime,Oseltamivir,0.295844
Cefuroxime,Clavulanate,0.295775
Cefuroxime,Imipenem,0.268293
Cefuroxime,Moxifloxacin,0.267327
Cefuroxime,Minocycline,0.240741
Cefuroxime,Doxycycline,0.22449
Cefuroxime,Doripenem,0.221996
Cefuroxime,Tigecycline,0.217949
Cefuroxime,Rifampicin,0.209781
Cefuroxime,Gatifloxacin,0.191406
Cefuroxime,Ofloxacin,0.185771
Cefuroxime,Levofloxacin,0.185771
Cefuroxime,Cilastatin,0.170213
Cefuroxime,Teicoplanin,0.165312
Cefuroxime,Clindamycin,0.163708
Cefuroxime,Ciprofloxacin,0.16
Cefuroxime,Linezolid,0.153846
Cefuroxime,Dexamethasone,0.152416
Cefuroxime,Vancomycin,0.1417
Cefuroxime,Daptomycin,0.140888
Cefuroxime,Trimethoprim,0.134904
Cefuroxime,Fluconazole,0.124744
Cefuroxime,Amikacin,0.109422
Cefuroxime,Azithromycin,0.105332
Cefuroxime,Amphotericin B,0.103604
Cefuroxime,Sulfamethoxazole,0.084071
Cefuroxime,Gentamicin,0.069692
Cefuroxime,Colistin,0.058592
Cefuroxime,Clarithromycin,0.049383
Cefuroxime,Tobramycin,0.043339
Cefuroxime,Metronidazole,0.02381
Cephalexin,Cephalexin,1
Cephalexin,Ampicillin,0.890909
Cephalexin,Amoxicillin,0.853147
Cephalexin,Penicillin G,0.847826
Cephalexin,Cefuroxime,0.652174
Cephalexin,Ticarcillin,0.630769
Cephalexin,Cloxacillin,0.620112
Cephalexin,Cefdinir,0.607143
Cephalexin,Piperacillin,0.600985
Cephalexin,Cefpodoxime,0.577465
Cephalexin,Ceftazidime,0.552941
Cephalexin,Cefotaxime,0.546667
Cephalexin,Cefixime,0.542553
Cephalexin,Cefoperazone,0.532091
Cephalexin,Cefepime,0.506173
Cephalexin,Ertapenem,0.497585
Cephalexin,Cefazolin,0.472081
Cephalexin,Ceftriaxone,0.460674
Cephalexin,Meropenem,0.455526
Cephalexin,Sulbactam,0.418919
Cephalexin,Tazobactam,0.383285
Cephalexin,Clavulanate,0.344262
Cephalexin,Imipenem,0.305556
Cephalexin,Doxycycline,0.295117
Cephalexin,Minocycline,0.283644
Cephalexin,Tigecycline,0.279279
Cephalexin,Moxifloxacin,0.274298
Cephalexin,Oseltamivir,0.263158
Cephalexin,Linezolid,0.256039
Cephalexin,Doripenem,0.247166
Cephalexin,Nitrofurantoin,0.232493
Cephalexin,Ciprofloxacin,0.207289
Cephalexin,Ofloxacin,0.195652
Cephalexin,Levofloxacin,0.195652
Cephalexin,Gatifloxacin,0.191489
Cephalexin,Dexamethasone,0.189979
Cephalexin,Teicoplanin,0.187739
Cephalexin,Trimethoprim,0.182266
Cephalexin,Clindamycin,0.179039
Cephalexin,Cilastatin,0.173709
Cephalexin,Sulfamethoxazole,0.154856
Cephalexin,Vancomycin,0.151566
Cephalexin,Fluconazole,0.131222
Cephalexin,Rifampicin,0.129442
Cephalexin,Amikacin,0.122112
Cephalexin,Azithromycin,0.098901
Cephalexin,Gentamicin,0.075838
Cephalexin,Daptomycin,0.066667
Cephalexin,Colistin,0.061678
Cephalexin,Tobramycin,0.04712
Cephalexin,Amphotericin B,0.042601
Cephalexin,Clarithromycin,0.038961
Cephalexin,Metronidazole,0.027027
Clarithromycin,Clarithromycin,1
Clarithromycin,Azithromycin,0.884817
Clarithromycin,Tobramycin,0.337386
Clarithromycin,Amikacin,0.322314
Clarithromycin,Gentamicin,0.318519
Clarithromycin,Doxycycline,0.306902
Clarithromycin,Dexamethasone,0.228324
Clarithromycin,Vancomycin,0.208548
Clarithromycin,Meropenem,0.19883
Clarithromycin,Tigecycline,0.175772
Clarithromycin,Clindamycin,0.171429
Clarithromycin,Amphotericin B,0.165703
Clarithromycin,Oseltamivir,0.155015
Clarithromycin,Trimethoprim,0.153263
Clarithromycin,Minocycline,0.147959
Clarithromycin,Ertapenem,0.147959
Clarithromycin,Doripenem,0.146409
Clarithromycin,Cefpodoxime,0.121495
Clarithromycin,Sulbactam,0.104101
Clarithromycin,Gatifloxacin,0.103811
Clarithromycin,Moxifloxacin,0.101266
Clarithromycin,Tazobactam,0.091954
Clarithromycin,Rifampicin,0.091418
Clarithromycin,Clavulanate,0.088328
Clarithromycin,Imipenem,0.080692
Clarithromycin,Penicillin G,0.079235
Clarithromycin,Cilastatin,0.078838
Clarithromycin,Ampicillin,0.078167
Clarithromycin,Amoxicillin,0.077128
Clarithromycin,Ticarcillin,0.077128
Clarithromycin,Teicoplanin,0.074205
Clarithromycin,Cloxacillin,0.072319
Clarithromycin,Piperacillin,0.068966
Clarithromycin,Linezolid,0.06383
Clarithromycin,Cefuroxime,0.049383
Clarithromycin,Cefotaxime,0.04878
Clarithromycin,Cefepime,0.047059
Clarithromycin,Ceftriaxone,0.044944
Clarithromycin,Cefoperazone,0.040816
Clarithromycin,Cephalexin,0.038961
Clarithromycin,Cefdinir,0.037975
Clarithromycin,Cefazolin,0.036145
Clarithromycin,Cefixime,0.036145
Clarithromycin,Daptomycin,0.033033
Clarithromycin,Ceftazidime,0.032967
Clarithromycin,Ofloxacin,0.024691
Clarithromycin,Levofloxacin,0.024691
Clarithromycin,Ciprofloxacin,0.021438
Clarithromycin,Nitrofurantoin,0.014085
Clindamycin,Clindamycin,1
Clindamycin,Oseltamivir,0.340483
Clindamycin,Amikacin,0.333333
Clindamycin,Ofloxacin,0.316397
Clindamycin,Levofloxacin,0.316397
Clindamycin,Meropenem,0.311475
Clindamycin,Tobramycin,0.297071
Clindamycin,Doxycycline,0.290984
Clindamycin,Doripenem,0.272321
Clindamycin,Ertapenem,0.264822
Clindamycin,Cilastatin,0.262136
Clindamycin,Cephalexin,0.235698
Clindamycin,Gentamicin,0.22093
Clindamycin,Tigecycline,0.220736
Clindamycin,Azithromycin,0.200586
Clindamycin,Amphotericin B,0.19197
Clindamycin,Cefuroxime,0.189516
Clindamycin,Piperacillin,0.179577
Clindamycin,Imipenem,0.17506
Clindamycin,Cefoperazone,0.167435
Clindamycin,Penicillin G,0.162281
Clindamycin,Cefdinir,0.161826
Clindamycin,Dexamethasone,0.159136
Clindamycin,Ampicillin,0.158798
Clindamycin,Clarithromycin,0.156559
Clindamycin,Amoxicillin,0.155462
Clindamycin,Ticarcillin,0.155462
Clindamycin,Cefpodoxime,0.155378
Clindamycin,Moxifloxacin,0.153119
Clindamycin,Vancomycin,0.150959
Clindamycin,Cefixime,0.149425
Clindamycin,Cefotaxime,0.149425
Clindamycin,Linezolid,0.141649
Clindamycin,Cefepime,0.141304
Clindamycin,Cloxacillin,0.140684
Clindamycin,Rifampicin,0.1375
Clindamycin,Cefazolin,0.134216
Clindamycin,Ceftriaxone,0.131757
Clindamycin,Minocycline,0.130742
Clindamycin,Ceftazidime,0.129568
Clindamycin,Daptomycin,0.097744
Clindamycin,Teicoplanin,0.0947
Clindamycin,Clavulanate,0.094148
Clindamycin,Sulbactam,0.091811
Clindamycin,Tazobactam,0.079914
Clindamycin,Ciprofloxacin,0.067961
Clindamycin,Colistin,0.064792
Clindamycin,Gatifloxacin,0.06422
Clindamycin,Nitrofurantoin,0.059908
Clindamycin,Metronidazole,0.025641
Cloxacillin,Cloxacillin,1
Cloxacillin,Penicillin G,0.711712
Cloxacillin,Ampicillin,0.690962
Cloxacillin,Cephalexin,0.620112
Cloxacillin,Ticarcillin,0.607629
Cloxacillin,Amoxicillin,0.586022
Cloxacillin,Piperacillin,0.469979
Cloxacillin,Ceftazidime,0.466395
Cloxacillin,Cefuroxime,0.438356
Cloxacillin,Ertapenem,0.437632
Cloxacillin,Cefdinir,0.431981
Cloxacillin,Cefpodoxime,0.415525
Cloxacillin,Sulbactam,0.407625
Cloxacillin,Cefazolin,0.39738
Cloxacillin,Cefotaxime,0.39738
Cloxacillin,Cefixime,0.394336
Cloxacillin,Tazobactam,0.377551
Cloxacillin,Cefepime,0.372951
Cloxacillin,Ceftriaxone,0.370656
Cloxacillin,Cefoperazone,0.360544
Cloxacillin,Meropenem,0.357466
Cloxacillin,Doxycycline,0.324111
Cloxacillin,Clavulanate,0.287671
Cloxacillin,Imipenem,0.274038
Cloxacillin,Minocycline,0.273408
Cloxacillin,Linezolid,0.266376
Cloxacillin,Sulfamethoxazole,0.246883
Cloxacillin,Moxifloxacin,0.238095
Cloxacillin,Doripenem,0.229839
Cloxacillin,Teicoplanin,0.221805
Cloxacillin,Tigecycline,0.206897
Cloxacillin,Nitrofurantoin,0.201923
Cloxacillin,Cilastatin,0.201717
Cloxacillin,Gatifloxacin,0.20155
Cloxacillin,Ciprofloxacin,0.196755
Cloxacillin,Vancomycin,0.187291
Cloxacillin,Dexamethasone,0.184211
Cloxacillin,Fluconazole,0.178947
Cloxacillin,Trimethoprim,0.176471
Cloxacillin,Ofloxacin,0.168582
Cloxacillin,Levofloxacin,0.168582
Cloxacillin,Rifampicin,0.162791
Cloxacillin,Oseltamivir,0.153846
Cloxacillin,Clindamycin,0.140684
Cloxacillin,Daptomycin,0.114413
Cloxacillin,Amikacin,0.109445
Cloxacillin,Gentamicin,0.091205
Cloxacillin,Amphotericin B,0.081967
Cloxacillin,Clarithromycin,0.072319
Cloxacillin,Azithromycin,0.069652
Cloxacillin,Metronidazole,0.067961
Cloxacillin,Colistin,0.043478
Cloxacillin,Tobramycin,0.042654
Doxycycline,Doxycycline,1
Doxycycline,Minocycline,0.678487
Doxycycline,Tigecycline,0.55642
Doxycycline,Ertapenem,0.362764
Doxycycline,Penicillin G,0.324503
Doxycycline,Cloxacillin,0.324111
Doxycycline,Ampicillin,0.317495
Doxycycline,Cephalexin,0.295117
Doxycycline,Amoxicillin,0.280992
Doxycycline,Ticarcillin,0.27572
Doxycycline,Dexamethasone,0.26195
Doxycycline,Piperacillin,0.245791
Doxycycline,Cefuroxime,0.22449
Doxycycline,Ceftazidime,0.221498
Doxycycline,Gentamicin,0.219512
Doxycycline,Meropenem,0.218569
Doxycycline,Azithromycin,0.212534
Doxycycline,Clindamycin,0.209213
Doxycycline,Cefoperazone,0.208151
Doxycycline,Amphotericin B,0.194379
Doxycycline,Rifampicin,0.193666
Doxycycline,Clavulanate,0.193317
Doxycycline,Clarithromycin,0.183511
Doxycycline,Tazobactam,0.180124
Doxycycline,Moxifloxacin,0.17851
Doxycycline,Sulbactam,0.177829
Doxycycline,Ceftriaxone,0.174603
Doxycycline,Cefdinir,0.171004
Doxycycline,Vancomycin,0.166533
Doxycycline,Cefpodoxime,0.164875
Doxycycline,Linezolid,0.161905
Doxycycline,Oseltamivir,0.160896
Doxycycline,Cefixime,0.15917
Doxycycline,Cefotaxime,0.15917
Doxycycline,Doripenem,0.153153
Doxycycline,Cefepime,0.151316
Doxycycline,Imipenem,0.142857
Doxycycline,Nitrofurantoin,0.139785
Doxycycline,Cefazolin,0.137521
Doxycycline,Amikacin,0.137371
Doxycycline,Trimethoprim,0.135458
Doxycycline,Teicoplanin,0.131915
Doxycycline,Ofloxacin,0.118881
Doxycycline,Levofloxacin,0.118881
Doxycycline,Gatifloxacin,0.116838
Doxycycline,Fluconazole,0.109023
Doxycycline,Tobramycin,0.107544
Doxycycline,Ciprofloxacin,0.101243
Doxycycline,Sulfamethoxazole,0.095041
Doxycycline,Daptomycin,0.091298
Doxycycline,Cilastatin,0.082569
Doxycycline,Colistin,0.024801
Doxycycline,Metronidazole,0.021739
Ticarcillin,Ticarcillin,1
Ticarcillin,Penicillin G,0.727575
Ticarcillin,Ampicillin,0.709677
Ticarcillin,Amoxicillin,0.6875
Ticarcillin,Cephalexin,0.630769
Ticarcillin,Cloxacillin,0.607629
Ticarcillin,Cefixime,0.594595
Ticarcillin,Cefdinir,0.571429
Ticarcillin,Cefpodoxime,0.544715
Ticarcillin,Cefotaxime,0.51671
Ticarcillin,Piperacillin,0.5
Ticarcillin,Ceftazidime,0.495536
Ticarcillin,Cefuroxime,0.494845
Ticarcillin,Cefepime,0.479714
Ticarcillin,Sulbactam,0.477663
Ticarcillin,Ertapenem,0.441648
Ticarcillin,Ceftriaxone,0.437908
Ticarcillin,Tazobactam,0.432749
Ticarcillin,Cefazolin,0.381733
Ticarcillin,Meropenem,0.375
Ticarcillin,Cefoperazone,0.373626
Ticarcillin,Clavulanate,0.333333
Ticarcillin,Cilastatin,0.321244
Ticarcillin,Imipenem,0.311475
Ticarcillin,Doxycycline,0.27572
Ticarcillin,Doripenem,0.255605
Ticarcillin,Minocycline,0.211538
Ticarcillin,Moxifloxacin,0.195219
Ticarcillin,Linezolid,0.188341
Ticarcillin,Dexamethasone,0.183673
Ticarcillin,Oseltamivir,0.17506
Ticarcillin,Nitrofurantoin,0.171875
Ticarcillin,Teicoplanin,0.163873
Ticarcillin,Clindamycin,0.155462
Ticarcillin,Tigecycline,0.148325
Ticarcillin,Vancomycin,0.136929
Ticarcillin,Daptomycin,0.131928
Ticarcillin,Ciprofloxacin,0.129707
Ticarcillin,Ofloxacin,0.124498
Ticarcillin,Levofloxacin,0.124498
Ticarcillin,Gatifloxacin,0.122047
Ticarcillin,Amikacin,0.105769
Ticarcillin,Trimethoprim,0.103604
Ticarcillin,Gentamicin,0.099291
Ticarcillin,Rifampicin,0.097561
Ticarcillin,Amphotericin B,0.096849
Ticarcillin,Clarithromycin,0.077128
Ticarcillin,Azithromycin,0.074271
Ticarcillin,Sulfamethoxazole,0.071429
Ticarcillin,Fluconazole,0.0625
Ticarcillin,Tobramycin,0.046312
Ticarcillin,Colistin,0.040947
Ticarcillin,Metronidazole,0.026316
Metronidazole,Metronidazole,1
Metronidazole,Linezolid,0.194969
Metronidazole,Fluconazole,0.192053
Metronidazole,Cefazolin,0.167109
Metronidazole,Tazobactam,0.164384
Metronidazole,Ciprofloxacin,0.164179
Metronidazole,Trimethoprim,0.16041
Metronidazole,Nitrofurantoin,0.153846
Metronidazole,Sulfamethoxazole,0.136364
Metronidazole,Gatifloxacin,0.122995
Metronidazole,Ofloxacin,0.120219
Metronidazole,Levofloxacin,0.120219
Metronidazole,Imipenem,0.118644
Metronidazole,Moxifloxacin,0.113861
Metronidazole,Ceftriaxone,0.101512
Metronidazole,Cefdinir,0.098901
Metronidazole,Cefpodoxime,0.09375
Metronidazole,Cefixime,0.089109
Metronidazole,Cefotaxime,0.089109
Metronidazole,Cefepime,0.082949
Metronidazole,Minocycline,0.078652
Metronidazole,Ertapenem,0.078652
Metronidazole,Ceftazidime,0.07438
Metronidazole,Clavulanate,0.071429
Metronidazole,Cefoperazone,0.069519
Metronidazole,Cloxacillin,0.067961
Metronidazole,Tigecycline,0.065421
Metronidazole,Dexamethasone,0.043689
Metronidazole,Tobramycin,0.043084
Metronidazole,Daptomycin,0.035857
Metronidazole,Amikacin,0.034483
Metronidazole,Cilastatin,0.028571
Metronidazole,Penicillin G,0.027778
Metronidazole,Ampicillin,0.027027
Metronidazole,Cephalexin,0.027027
Metronidazole,Amoxicillin,0.026316
Metronidazole,Ticarcillin,0.026316
Metronidazole,Clindamycin,0.025641
Metronidazole,Vancomycin,0.024349
Metronidazole,Cefuroxime,0.02381
Metronidazole,Doxycycline,0.021739
Metronidazole,Piperacillin,0.02
Metronidazole,Rifampicin,0.013514
Metronidazole,Amphotericin B,0.012821
Minocycline,Minocycline,1
Minocycline,Doxycycline,0.853786
Minocycline,Tigecycline,0.796009
Minocycline,Ertapenem,0.33829
Minocycline,Cephalexin,0.313559
Minocycline,Dexamethasone,0.311155
Minocycline,Piperacillin,0.269036
Minocycline,Amoxicillin,0.267606
Minocycline,Meropenem,0.267327
Minocycline,Rifampicin,0.264368
Minocycline,Azithromycin,0.251739
Minocycline,Penicillin G,0.25
Minocycline,Ampicillin,0.24498
Minocycline,Ticarcillin,0.242604
Minocycline,Cefuroxime,0.240741
Minocycline,Doripenem,0.240458
Minocycline,Moxifloxacin,0.229947
Minocycline,Cefoperazone,0.229868
Minocycline,Cefdinir,0.226054
Minocycline,Cloxacillin,0.220826
Minocycline,Linezolid,0.218075
Minocycline,Cefpodoxime,0.217712
Minocycline,Cefixime,0.209964
Minocycline,Cefotaxime,0.209964
Minocycline,Ceftriaxone,0.205788
Minocycline,Cefepime,0.199324
Minocycline,Amphotericin B,0.199069
Minocycline,Gentamicin,0.187291
Minocycline,Ceftazidime,0.183801
Minocycline,Ofloxacin,0.181818
Minocycline,Levofloxacin,0.181818
Minocycline,Nitrofurantoin,0.181619
Minocycline,Oseltamivir,0.176471
Minocycline,Ciprofloxacin,0.168831
Minocycline,Imipenem,0.168033
Minocycline,Clavulanate,0.167048
Minocycline,Cefazolin,0.154499
Minocycline,Amikacin,0.148748
Minocycline,Clarithromycin,0.147959
Minocycline,Gatifloxacin,0.141869
Minocycline,Teicoplanin,0.138488
Minocycline,Vancomycin,0.131783
Minocycline,Clindamycin,0.130742
Minocycline,Trimethoprim,0.126214
Minocycline,Tazobactam,0.121857
Minocycline,Daptomycin,0.121631
Minocycline,Sulfamethoxazole,0.120332
Minocycline,Sulbactam,0.11349
Minocycline,Cilastatin,0.088929
Minocycline,Fluconazole,0.086957
Minocycline,Metronidazole,0.078652
Minocycline,Tobramycin,0.071975
Minocycline,Colistin,0.024686
Nitrofurantoin,Nitrofurantoin,1
Nitrofurantoin,Cefuroxime,0.303191
Nitrofurantoin,Amoxicillin,0.260504
Nitrofurantoin,Penicillin G,0.239193
Nitrofurantoin,Ampicillin,0.232493
Nitrofurantoin,Cephalexin,0.232493
Nitrofurantoin,Cefdinir,0.204188
Nitrofurantoin,Cloxacillin,0.201923
Nitrofurantoin,Ofloxacin,0.19898
Nitrofurantoin,Levofloxacin,0.19898
Nitrofurantoin,Linezolid,0.195652
Nitrofurantoin,Cefpodoxime,0.19403
Nitrofurantoin,Cefixime,0.184834
Nitrofurantoin,Cefotaxime,0.184834
Nitrofurantoin,Ciprofloxacin,0.184211
Nitrofurantoin,Minocycline,0.181619
Nitrofurantoin,Ertapenem,0.179039
Nitrofurantoin,Piperacillin,0.177686
Nitrofurantoin,Cefepime,0.172566
Nitrofurantoin,Ticarcillin,0.171875
Nitrofurantoin,Gatifloxacin,0.170732
Nitrofurantoin,Cefoperazone,0.170213
Nitrofurantoin,Ceftriaxone,0.158537
Nitrofurantoin,Ceftazidime,0.155378
Nitrofurantoin,Metronidazole,0.153846
Nitrofurantoin,Tigecycline,0.151737
Nitrofurantoin,Doxycycline,0.139785
Nitrofurantoin,Moxifloxacin,0.133333
Nitrofurantoin,Tazobactam,0.133144
Nitrofurantoin,Rifampicin,0.132867
Nitrofurantoin,Clavulanate,0.12628
Nitrofurantoin,Sulbactam,0.122112
Nitrofurantoin,Sulfamethoxazole,0.118012
Nitrofurantoin,Imipenem,0.104816
Nitrofurantoin,Cefazolin,0.101322
Nitrofurantoin,Fluconazole,0.099476
Nitrofurantoin,Teicoplanin,0.090226
Nitrofurantoin,Meropenem,0.08747
Nitrofurantoin,Trimethoprim,0.086957
Nitrofurantoin,Doripenem,0.08545
Nitrofurantoin,Vancomycin,0.081081
Nitrofurantoin,Clindamycin,0.059908
Nitrofurantoin,Azithromycin,0.037464
Nitrofurantoin,Daptomycin,0.034221
Nitrofurantoin,Dexamethasone,0.020833
Nitrofurantoin,Clarithromycin,0.014085
Sulfamethoxazole,Sulfamethoxazole,1
Sulfamethoxazole,Trimethoprim,0.269841
Sulfamethoxazole,Cloxacillin,0.246883
Sulfamethoxazole,Linezolid,0.182796
Sulfamethoxazole,Penicillin G,0.15903
Sulfamethoxazole,Ampicillin,0.154856
Sulfamethoxazole,Cephalexin,0.154856
Sulfamethoxazole,Doripenem,0.154791
Sulfamethoxazole,Amoxicillin,0.153846
Sulfamethoxazole,Ofloxacin,0.149144
Sulfamethoxazole,Levofloxacin,0.149144
Sulfamethoxazole,Ciprofloxacin,0.142132
Sulfamethoxazole,Metronidazole,0.136364
Sulfamethoxazole,Cefoperazone,0.134021
Sulfamethoxazole,Fluconazole,0.129032
Sulfamethoxazole,Nitrofurantoin,0.118012
Sulfamethoxazole,Piperacillin,0.11546
Sulfamethoxazole,Ceftazidime,0.113244
Sulfamethoxazole,Ertapenem,0.102041
Sulfamethoxazole,Minocycline,0.095335
Sulfamethoxazole,Doxycycline,0.095041
Sulfamethoxazole,Teicoplanin,0.090226
Sulfamethoxazole,Cefuroxime,0.084071
Sulfamethoxazole,Vancomycin,0.081081
Sulfamethoxazole,Gatifloxacin,0.078652
Sulfamethoxazole,Moxifloxacin,0.073684
Sulfamethoxazole,Ticarcillin,0.071429
Sulfamethoxazole,Cefdinir,0.069767
Sulfamethoxazole,Cefpodoxime,0.066667
Sulfamethoxazole,Tigecycline,0.064189
Sulfamethoxazole,Cefixime,0.06383
Sulfamethoxazole,Cefotaxime,0.06383
Sulfamethoxazole,Cefepime,0.06
Sulfamethoxazole,Ceftriaxone,0.055556
Sulfamethoxazole,Daptomycin,0.051005
Sulfamethoxazole,Cefazolin,0.041667
Sulfamethoxazole,Rifampicin,0.037132
Sulfamethoxazole,Tazobactam,0.025641
Ofloxacin,Ofloxacin,1
Ofloxacin,Levofloxacin,1
Ofloxacin,Ciprofloxacin,0.848185
Ofloxacin,Gatifloxacin,0.820988
Ofloxacin,Moxifloxacin,0.741573
Ofloxacin,Linezolid,0.375
Ofloxacin,Cefoperazone,0.254072
Ofloxacin,Piperacillin,0.247706
Ofloxacin,Cefepime,0.24031
Ofloxacin,Rifampicin,0.233244
Ofloxacin,Trimethoprim,0.220096
Ofloxacin,Fluconazole,0.210046
Ofloxacin,Nitrofurantoin,0.205128
Ofloxacin,Penicillin G,0.2
Ofloxacin,Ampicillin,0.195652
Ofloxacin,Cephalexin,0.195652
Ofloxacin,Cefuroxime,0.190476
Ofloxacin,Minocycline,0.181818
Ofloxacin,Tazobactam,0.180556
Ofloxacin,Sulfamethoxazole,0.17207
Ofloxacin,Cloxacillin,0.168582
Ofloxacin,Imipenem,0.165501
Ofloxacin,Clavulanate,0.164021
Ofloxacin,Sulbactam,0.159794
Ofloxacin,Cefdinir,0.158537
Ofloxacin,Amphotericin B,0.153846
Ofloxacin,Cefpodoxime,0.152344
Ofloxacin,Ertapenem,0.14841
Ofloxacin,Cefazolin,0.146617
Ofloxacin,Cefixime,0.146617
Ofloxacin,Cefotaxime,0.146617
Ofloxacin,Amoxicillin,0.129032
Ofloxacin,Ceftazidime,0.127451
Ofloxacin,Ticarcillin,0.124498
Ofloxacin,Metronidazole,0.120219
Ofloxacin,Doxycycline,0.118881
Ofloxacin,Tigecycline,0.117825
Ofloxacin,Ceftriaxone,0.114754
Ofloxacin,Cilastatin,0.111111
Ofloxacin,Teicoplanin,0.11014
Ofloxacin,Gentamicin,0.109185
Ofloxacin,Meropenem,0.106796
Ofloxacin,Amikacin,0.105919
Ofloxacin,Doripenem,0.104762
Ofloxacin,Vancomycin,0.091909
Ofloxacin,Daptomycin,0.075347
Ofloxacin,Azithromycin,0.07513
Ofloxacin,Clindamycin,0.069418
Ofloxacin,Oseltamivir,0.055901
Ofloxacin,Dexamethasone,0.052632
Ofloxacin,Tobramycin,0.044776
Ofloxacin,Clarithromycin,0.024691
Levofloxacin,Ofloxacin,1
Levofloxacin,Levofloxacin,1
Levofloxacin,Ciprofloxacin,0.848185
Levofloxacin,Gatifloxacin,0.820988
Levofloxacin,Moxifloxacin,0.741573
Levofloxacin,Linezolid,0.375
Levofloxacin,Cefoperazone,0.254072
Levofloxacin,Piperacillin,0.247706
Levofloxacin,Cefepime,0.24031
Levofloxacin,Rifampicin,0.233244
Levofloxacin,Trimethoprim,0.220096
Levofloxacin,Fluconazole,0.210046
Levofloxacin,Nitrofurantoin,0.205128
Levofloxacin,Penicillin G,0.2
Levofloxacin,Ampicillin,0.195652
Levofloxacin,Cephalexin,0.195652
Levofloxacin,Cefuroxime,0.190476
Levofloxacin,Minocycline,0.181818
Levofloxacin,Tazobactam,0.180556
Levofloxacin,Sulfamethoxazole,0.17207
Levofloxacin,Cloxacillin,0.168582
Levofloxacin,Imipenem,0.165501
Levofloxacin,Clavulanate,0.164021
Levofloxacin,Sulbactam,0.159794
Levofloxacin,Cefdinir,0.158537
Levofloxacin,Amphotericin B,0.153846
Levofloxacin,Cefpodoxime,0.152344
Levofloxacin,Ertapenem,0.14841
Levofloxacin,Cefazolin,0.146617
Levofloxacin,Cefixime,0.146617
Levofloxacin,Cefotaxime,0.146617
Levofloxacin,Amoxicillin,0.129032
Levofloxacin,Ceftazidime,0.127451
Levofloxacin,Ticarcillin,0.124498
Levofloxacin,Metronidazole,0.120219
Levofloxacin,Doxycycline,0.118881
Levofloxacin,Tigecycline,0.117825
Levofloxacin,Ceftriaxone,0.114754
Levofloxacin,Cilastatin,0.111111
Levofloxacin,Teicoplanin,0.11014
Levofloxacin,Gentamicin,0.109185
Levofloxacin,Meropenem,0.106796
Levofloxacin,Amikacin,0.105919
Levofloxacin,Doripenem,0.104762
Levofloxacin,Vancomycin,0.091909
Levofloxacin,Daptomycin,0.075347
Levofloxacin,Azithromycin,0.07513
Levofloxacin,Clindamycin,0.069418
Levofloxacin,Oseltamivir,0.053719
Levofloxacin,Dexamethasone,0.052632
Levofloxacin,Tobramycin,0.044776
Levofloxacin,Clarithromycin,0.024691
Gatifloxacin,Gatifloxacin,1
Gatifloxacin,Ciprofloxacin,0.887417
Gatifloxacin,Moxifloxacin,0.847507
Gatifloxacin,Ofloxacin,0.820988
Gatifloxacin,Levofloxacin,0.820988
Gatifloxacin,Linezolid,0.365854
Gatifloxacin,Piperacillin,0.266055
Gatifloxacin,Trimethoprim,0.253012
Gatifloxacin,Cefoperazone,0.252006
Gatifloxacin,Rifampicin,0.226913
Gatifloxacin,Cilastatin,0.218962
Gatifloxacin,Ceftriaxone,0.210526
Gatifloxacin,Clavulanate,0.209677
Gatifloxacin,Tazobactam,0.206497
Gatifloxacin,Ertapenem,0.202186
Gatifloxacin,Cloxacillin,0.20155
Gatifloxacin,Penicillin G,0.195652
Gatifloxacin,Ampicillin,0.191489
Gatifloxacin,Cephalexin,0.191489
Gatifloxacin,Cefuroxime,0.191406
Gatifloxacin,Fluconazole,0.186813
Gatifloxacin,Cefepime,0.186131
Gatifloxacin,Sulbactam,0.179487
Gatifloxacin,Nitrofurantoin,0.170732
Gatifloxacin,Azithromycin,0.157025
Gatifloxacin,Cefdinir,0.155378
Gatifloxacin,Cefpodoxime,0.153846
Gatifloxacin,Teicoplanin,0.153153
Gatifloxacin,Cefotaxime,0.148148
Gatifloxacin,Meropenem,0.143984
Gatifloxacin,Cefixime,0.143911
Gatifloxacin,Minocycline,0.141869
Gatifloxacin,Doripenem,0.141199
Gatifloxacin,Vancomycin,0.140065
Gatifloxacin,Tigecycline,0.136364
Gatifloxacin,Clarithromycin,0.127517
Gatifloxacin,Amoxicillin,0.126482
Gatifloxacin,Ceftazidime,0.125402
Gatifloxacin,Metronidazole,0.122995
Gatifloxacin,Ticarcillin,0.122047
Gatifloxacin,Doxycycline,0.116838
Gatifloxacin,Imipenem,0.115974
Gatifloxacin,Cefazolin,0.111111
Gatifloxacin,Sulfamethoxazole,0.09589
Gatifloxacin,Gentamicin,0.076159
Gatifloxacin,Tobramycin,0.072027
Gatifloxacin,Dexamethasone,0.070175
Gatifloxacin,Daptomycin,0.068592
Gatifloxacin,Clindamycin,0.06422
Gatifloxacin,Amphotericin B,0.061269
Gatifloxacin,Oseltamivir,0.033797
Gatifloxacin,Amikacin,0.024182
Moxifloxacin,Moxifloxacin,1
Moxifloxacin,Gatifloxacin,0.847507
Moxifloxacin,Ciprofloxacin,0.754386
Moxifloxacin,Ofloxacin,0.741573
Moxifloxacin,Levofloxacin,0.741573
Moxifloxacin,Ertapenem,0.311787
Moxifloxacin,Trimethoprim,0.29108
Moxifloxacin,Linezolid,0.266094
Moxifloxacin,Ticarcillin,0.263158
Moxifloxacin,Penicillin G,0.2527
Moxifloxacin,Cloxacillin,0.252408
Moxifloxacin,Cefoperazone,0.25
Moxifloxacin,Ampicillin,0.247357
Moxifloxacin,Cephalexin,0.247357
Moxifloxacin,Cefuroxime,0.242718
Moxifloxacin,Cefepime,0.229656
Moxifloxacin,Ceftriaxone,0.226576
Moxifloxacin,Amoxicillin,0.22449
Moxifloxacin,Tigecycline,0.220657
Moxifloxacin,Clavulanate,0.218274
Moxifloxacin,Fluconazole,0.212766
Moxifloxacin,Piperacillin,0.208054
Moxifloxacin,Cefdinir,0.207921
Moxifloxacin,Cefpodoxime,0.204589
Moxifloxacin,Cefotaxime,0.197053
Moxifloxacin,Azithromycin,0.193416
Moxifloxacin,Tazobactam,0.193059
Moxifloxacin,Doxycycline,0.192982
Moxifloxacin,Cefazolin,0.192661
Moxifloxacin,Cefixime,0.192661
Moxifloxacin,Minocycline,0.175468
Moxifloxacin,Rifampicin,0.175031
Moxifloxacin,Ceftazidime,0.168
Moxifloxacin,Teicoplanin,0.167558
Moxifloxacin,Sulbactam,0.166667
Moxifloxacin,Imipenem,0.158798
Moxifloxacin,Meropenem,0.155303
Moxifloxacin,Doripenem,0.152416
Moxifloxacin,Vancomycin,0.151369
Moxifloxacin,Clarithromycin,0.147757
Moxifloxacin,Nitrofurantoin,0.133333
Moxifloxacin,Dexamethasone,0.130742
Moxifloxacin,Cilastatin,0.12426
Moxifloxacin,Metronidazole,0.113861
Moxifloxacin,Oseltamivir,0.111111
Moxifloxacin,Clindamycin,0.097122
Moxifloxacin,Gentamicin,0.089744
Moxifloxacin,Sulfamethoxazole,0.089744
Moxifloxacin,Daptomycin,0.073205
Moxifloxacin,Amikacin,0.06383
Moxifloxacin,Tobramycin,0.058452
Moxifloxacin,Amphotericin B,0.051525
Sulbactam,Sulbactam,1
Sulbactam,Tazobactam,0.719457
Sulbactam,Clavulanate,0.519608
Sulbactam,Penicillin G,0.512915
Sulbactam,Ampicillin,0.494662
Sulbactam,Amoxicillin,0.477663
Sulbactam,Ticarcillin,0.477663
Sulbactam,Cephalexin,0.418919
Sulbactam,Cloxacillin,0.407625
Sulbactam,Cefdinir,0.383648
Sulbactam,Cefpodoxime,0.364985
Sulbactam,Cefuroxime,0.354467
Sulbactam,Imipenem,0.345455
Sulbactam,Cefazolin,0.344538
Sulbactam,Cefotaxime,0.344538
Sulbactam,Cefixime,0.340782
Sulbactam,Piperacillin,0.3382
Sulbactam,Cefepime,0.317829
Sulbactam,Ceftriaxone,0.288056
Sulbactam,Ceftazidime,0.281465
Sulbactam,Meropenem,0.246459
Sulbactam,Doripenem,0.239669
Sulbactam,Cefoperazone,0.237911
Sulbactam,Gatifloxacin,0.204188
Sulbactam,Gentamicin,0.177829
Sulbactam,Doxycycline,0.177829
Sulbactam,Ertapenem,0.176471
Sulbactam,Ofloxacin,0.153846
Sulbactam,Levofloxacin,0.153846
Sulbactam,Cilastatin,0.142857
Sulbactam,Dexamethasone,0.138015
Sulbactam,Ciprofloxacin,0.137566
Sulbactam,Oseltamivir,0.12426
Sulbactam,Nitrofurantoin,0.122112
Sulbactam,Moxifloxacin,0.118721
Sulbactam,Minocycline,0.11349
Sulbactam,Linezolid,0.111111
Sulbactam,Amphotericin B,0.097884
Sulbactam,Tigecycline,0.097122
Sulbactam,Azithromycin,0.095462
Sulbactam,Clindamycin,0.091811
Sulbactam,Clarithromycin,0.086957
Sulbactam,Teicoplanin,0.078524
Sulbactam,Vancomycin,0.06599
Sulbactam,Tobramycin,0.05042
Sulbactam,Rifampicin,0.047745
Sulbactam,Amikacin,0.043165
Sulbactam,Daptomycin,0.035549
Tazobactam,Tazobactam,1
Tazobactam,Sulbactam,0.719457
Tazobactam,Penicillin G,0.459627
Tazobactam,Ampicillin,0.445783
Tazobactam,Amoxicillin,0.432749
Tazobactam,Ticarcillin,0.432749
Tazobactam,Clavulanate,0.401515
Tazobactam,Cefazolin,0.398964
Tazobactam,Cephalexin,0.383285
Tazobactam,Cloxacillin,0.377551
Tazobactam,Cefepime,0.350711
Tazobactam,Cefuroxime,0.338384
Tazobactam,Cefdinir,0.322751
Tazobactam,Piperacillin,0.320346
Tazobactam,Cefpodoxime,0.313131
Tazobactam,Ceftazidime,0.29979
Tazobactam,Cefotaxime,0.298077
Tazobactam,Cefixime,0.291866
Tazobactam,Imipenem,0.283582
Tazobactam,Cefoperazone,0.282051
Tazobactam,Ceftriaxone,0.255144
Tazobactam,Meropenem,0.210654
Tazobactam,Doripenem,0.205674
Tazobactam,Ertapenem,0.200828
Tazobactam,Fluconazole,0.19171
Tazobactam,Ciprofloxacin,0.18932
Tazobactam,Gatifloxacin,0.181818
Tazobactam,Ofloxacin,0.180556
Tazobactam,Levofloxacin,0.180556
Tazobactam,Doxycycline,0.180124
Tazobactam,Moxifloxacin,0.165254
Tazobactam,Metronidazole,0.164384
Tazobactam,Gentamicin,0.156187
Tazobactam,Nitrofurantoin,0.133144
Tazobactam,Minocycline,0.121857
Tazobactam,Linezolid,0.121495
Tazobactam,Dexamethasone,0.120507
Tazobactam,Cilastatin,0.119221
Tazobactam,Oseltamivir,0.105528
Tazobactam,Clarithromycin,0.091954
Tazobactam,Azithromycin,0.088825
Tazobactam,Tigecycline,0.087662
Tazobactam,Teicoplanin,0.084011
Tazobactam,Clindamycin,0.079914
Tazobactam,Vancomycin,0.071429
Tazobactam,Amphotericin B,0.068427
Tazobactam,Trimethoprim,0.045131
Tazobactam,Tobramycin,0.044776
Tazobactam,Rifampicin,0.044226
Tazobactam,Daptomycin,0.041667
Tazobactam,Amikacin,0.038961
Tazobactam,Sulfamethoxazole,0.025641
Oseltamivir,Oseltamivir,1
Oseltamivir,Clindamycin,0.340483
Oseltamivir,Cefuroxime,0.295844
Oseltamivir,Cefotaxime,0.288783
Oseltamivir,Cephalexin,0.263158
Oseltamivir,Cefpodoxime,0.25908
Oseltamivir,Meropenem,0.256281
Oseltamivir,Cefdinir,0.246883
Oseltamivir,Cefazolin,0.227273
Oseltamivir,Cefixime,0.22449
Oseltamivir,Ertapenem,0.215933
Oseltamivir,Cefepime,0.210191
Oseltamivir,Amphotericin B,0.199461
Oseltamivir,Doripenem,0.194379
Oseltamivir,Amikacin,0.19403
Oseltamivir,Ceftriaxone,0.193738
Oseltamivir,Ceftazidime,0.190019
Oseltamivir,Clarithromycin,0.1875
Oseltamivir,Cefoperazone,0.186441
Oseltamivir,Rifampicin,0.185495
Oseltamivir,Penicillin G,0.183879
Oseltamivir,Ampicillin,0.179361
Oseltamivir,Minocycline,0.178862
Oseltamivir,Amoxicillin,0.17506
Oseltamivir,Ticarcillin,0.17506
Oseltamivir,Imipenem,0.174863
Oseltamivir,Doxycycline,0.163265
Oseltamivir,Piperacillin,0.157495
Oseltamivir,Cilastatin,0.155779
Oseltamivir,Azithromycin,0.155015
Oseltamivir,Tobramycin,0.154639
Oseltamivir,Cloxacillin,0.153846
Oseltamivir,Gentamicin,0.151515
Oseltamivir,Dexamethasone,0.142241
Oseltamivir,Tigecycline,0.141397
Oseltamivir,Linezolid,0.140143
Oseltamivir,Clavulanate,0.12462
Oseltamivir,Sulbactam,0.12426
Oseltamivir,Daptomycin,0.111994
Oseltamivir,Moxifloxacin,0.111111
Oseltamivir,Tazobactam,0.105528
Oseltamivir,Vancomycin,0.090909
Oseltamivir,Teicoplanin,0.089918
Oseltamivir,Colistin,0.059671
Oseltamivir,Ciprofloxacin,0.058315
Oseltamivir,Ofloxacin,0.055901
Oseltamivir,Levofloxacin,0.053719
Oseltamivir,Gatifloxacin,0.033797
Cefdinir,Cefdinir,1
Cefdinir,Cefixime,0.869159
Cefdinir,Cefpodoxime,0.853035
Cefdinir,Cefotaxime,0.801802
Cefdinir,Cefepime,0.735537
Cefdinir,Ceftriaxone,0.662531
Cefdinir,Ceftazidime,0.646489
Cefdinir,Cephalexin,0.607143
Cefdinir,Cefuroxime,0.581769
Cefdinir,Ticarcillin,0.571429
Cefdinir,Cefazolin,0.550388
Cefdinir,Ampicillin,0.538462
Cefdinir,Amoxicillin,0.523546
Cefdinir,Penicillin G,0.518625
Cefdinir,Meropenem,0.432225
Cefdinir,Cloxacillin,0.431981
Cefdinir,Cefoperazone,0.410019
Cefdinir,Piperacillin,0.392931
Cefdinir,Sulbactam,0.383648
Cefdinir,Clavulanate,0.365079
Cefdinir,Tazobactam,0.322751
Cefdinir,Ertapenem,0.319588
Cefdinir,Imipenem,0.289474
Cefdinir,Oseltamivir,0.246883
Cefdinir,Doripenem,0.236443
Cefdinir,Moxifloxacin,0.232323
Cefdinir,Minocycline,0.226054
Cefdinir,Tigecycline,0.206612
Cefdinir,Nitrofurantoin,0.204188
Cefdinir,Clindamycin,0.18896
Cefdinir,Cilastatin,0.181818
Cefdinir,Dexamethasone,0.18
Cefdinir,Doxycycline,0.171004
Cefdinir,Ciprofloxacin,0.165254
Cefdinir,Ofloxacin,0.158537
Cefdinir,Levofloxacin,0.158537
Cefdinir,Linezolid,0.156317
Cefdinir,Gatifloxacin,0.155378
Cefdinir,Teicoplanin,0.147541
Cefdinir,Daptomycin,0.125675
Cefdinir,Vancomycin,0.125612
Cefdinir,Amikacin,0.11465
Cefdinir,Trimethoprim,0.101322
Cefdinir,Metronidazole,0.098901
Cefdinir,Azithromycin,0.093333
Cefdinir,Fluconazole,0.087866
Cefdinir,Rifampicin,0.085919
Cefdinir,Gentamicin,0.073254
Cefdinir,Sulfamethoxazole,0.069767
Cefdinir,Colistin,0.05947
Cefdinir,Tobramycin,0.045531
Cefdinir,Amphotericin B,0.041667
Cefdinir,Clarithromycin,0.037975
Cefepime,Cefepime,1
Cefepime,Cefpodoxime,0.756757
Cefepime,Ceftazidime,0.740139
Cefepime,Cefdinir,0.735537
Cefepime,Cefotaxime,0.717949
Cefepime,Cefixime,0.704835
Cefepime,Ceftriaxone,0.608696
Cefepime,Cefuroxime,0.534884
Cefepime,Cephalexin,0.506173
Cefepime,Cefazolin,0.498881
Cefepime,Cefoperazone,0.498195
Cefepime,Ticarcillin,0.479714
Cefepime,Piperacillin,0.462451
Cefepime,Ampicillin,0.452381
Cefepime,Amoxicillin,0.44186
Cefepime,Penicillin G,0.435407
Cefepime,Cloxacillin,0.372951
Cefepime,Meropenem,0.366594
Cefepime,Tazobactam,0.350711
Cefepime,Sulbactam,0.317829
Cefepime,Ertapenem,0.279279
Cefepime,Clavulanate,0.265823
Cefepime,Imipenem,0.244444
Cefepime,Ofloxacin,0.24031
Cefepime,Levofloxacin,0.24031
Cefepime,Gatifloxacin,0.219512
Cefepime,Ciprofloxacin,0.210938
Cefepime,Oseltamivir,0.210191
Cefepime,Doripenem,0.205273
Cefepime,Minocycline,0.199324
Cefepime,Tigecycline,0.185185
Cefepime,Moxifloxacin,0.17851
Cefepime,Nitrofurantoin,0.172566
Cefepime,Linezolid,0.161905
Cefepime,Cilastatin,0.156863
Cefepime,Clindamycin,0.151737
Cefepime,Doxycycline,0.151316
Cefepime,Dexamethasone,0.141869
Cefepime,Rifampicin,0.139535
Cefepime,Teicoplanin,0.130952
Cefepime,Gentamicin,0.127214
Cefepime,Daptomycin,0.120059
Cefepime,Vancomycin,0.111963
Cefepime,Trimethoprim,0.108949
Cefepime,Amikacin,0.103152
Cefepime,Azithromycin,0.100124
Cefepime,Metronidazole,0.082949
Cefepime,Fluconazole,0.076642
Cefepime,Sulfamethoxazole,0.06
Cefepime,Colistin,0.05746
Cefepime,Clarithromycin,0.047059
Cefepime,Tobramycin,0.040724
Cefepime,Amphotericin B,0.038697
Cefpodoxime,Cefpodoxime,1
Cefpodoxime,Cefotaxime,0.91358
Cefpodoxime,Cefdinir,0.853035
Cefpodoxime,Cefixime,0.80758
Cefpodoxime,Cefepime,0.756757
Cefpodoxime,Ceftriaxone,0.682927
Cefpodoxime,Cefuroxime,0.675824
Cefpodoxime,Ceftazidime,0.662708
Cefpodoxime,Cephalexin,0.577465
Cefpodoxime,Cefazolin,0.561713
Cefpodoxime,Ticarcillin,0.544715
Cefpodoxime,Ampicillin,0.513514
Cefpodoxime,Amoxicillin,0.5
Cefpodoxime,Penicillin G,0.494565
Cefpodoxime,Cefoperazone,0.42596
Cefpodoxime,Cloxacillin,0.415525
Cefpodoxime,Meropenem,0.411192
Cefpodoxime,Piperacillin,0.38
Cefpodoxime,Sulbactam,0.364985
Cefpodoxime,Tazobactam,0.313131
Cefpodoxime,Ertapenem,0.306931
Cefpodoxime,Clavulanate,0.304348
Cefpodoxime,Imipenem,0.275
Cefpodoxime,Oseltamivir,0.25908
Cefpodoxime,Trimethoprim,0.232227
Cefpodoxime,Moxifloxacin,0.22807
Cefpodoxime,Doripenem,0.226611
Cefpodoxime,Minocycline,0.217712
Cefpodoxime,Tigecycline,0.2
Cefpodoxime,Nitrofurantoin,0.19403
Cefpodoxime,Cilastatin,0.173913
Cefpodoxime,Clindamycin,0.167002
Cefpodoxime,Doxycycline,0.164875
Cefpodoxime,Ciprofloxacin,0.158537
Cefpodoxime,Dexamethasone,0.155303
Cefpodoxime,Rifampicin,0.153846
Cefpodoxime,Gatifloxacin,0.153846
Cefpodoxime,Ofloxacin,0.152344
Cefpodoxime,Levofloxacin,0.152344
Cefpodoxime,Linezolid,0.149897
Cefpodoxime,Teicoplanin,0.136767
Cefpodoxime,Clarithromycin,0.121495
Cefpodoxime,Vancomycin,0.116427
Cefpodoxime,Daptomycin,0.116139
Cefpodoxime,Amikacin,0.111111
Cefpodoxime,Azithromycin,0.106719
Cefpodoxime,Metronidazole,0.09375
Cefpodoxime,Fluconazole,0.084337
Cefpodoxime,Gentamicin,0.07084
Cefpodoxime,Sulfamethoxazole,0.066667
Cefpodoxime,Colistin,0.058882
Cefpodoxime,Tobramycin,0.044046
Cefpodoxime,Amphotericin B,0.040773
Linezolid,Linezolid,1
Linezolid,Ciprofloxacin,0.402116
Linezolid,Ofloxacin,0.375
Linezolid,Levofloxacin,0.375
Linezolid,Gatifloxacin,0.365854
Linezolid,Moxifloxacin,0.337868
Linezolid,Piperacillin,0.315789
Linezolid,Penicillin G,0.281407
Linezolid,Ampicillin,0.27451
Linezolid,Cloxacillin,0.266376
Linezolid,Cefoperazone,0.256367
Linezolid,Cephalexin,0.256039
Linezolid,Clavulanate,0.220238
Linezolid,Minocycline,0.218075
Linezolid,Amoxicillin,0.212815
Linezolid,Ertapenem,0.208577
Linezolid,Nitrofurantoin,0.195652
Linezolid,Metronidazole,0.194969
Linezolid,Imipenem,0.192893
Linezolid,Ticarcillin,0.188341
Linezolid,Sulbactam,0.186441
Linezolid,Sulfamethoxazole,0.182796
Linezolid,Ceftriaxone,0.179673
Linezolid,Tigecycline,0.171617
Linezolid,Tazobactam,0.165049
Linezolid,Rifampicin,0.163399
Linezolid,Fluconazole,0.162791
Linezolid,Doxycycline,0.161905
Linezolid,Cefepime,0.161905
Linezolid,Clindamycin,0.158798
Linezolid,Cefdinir,0.156317
Linezolid,Cefuroxime,0.153846
Linezolid,Cefpodoxime,0.149897
Linezolid,Cefixime,0.143984
Linezolid,Cefotaxime,0.143984
Linezolid,Azithromycin,0.142857
Linezolid,Ceftazidime,0.141869
Linezolid,Trimethoprim,0.140143
Linezolid,Oseltamivir,0.129412
Linezolid,Gentamicin,0.117216
Linezolid,Vancomycin,0.115669
Linezolid,Meropenem,0.113402
Linezolid,Dexamethasone,0.106796
Linezolid,Teicoplanin,0.098317
Linezolid,Cefazolin,0.090226
Linezolid,Cilastatin,0.079914
Linezolid,Daptomycin,0.077844
Linezolid,Amikacin,0.075949
Linezolid,Clarithromycin,0.06383
Linezolid,Tobramycin,0.061947
Linezolid,Doripenem,0.057692
Linezolid,Colistin,0.040634
Linezolid,Amphotericin B,0.028761
Tigecycline,Tigecycline,1
Tigecycline,Minocycline,0.796009
Tigecycline,Doxycycline,0.687764
Tigecycline,Ertapenem,0.317073
Tigecycline,Piperacillin,0.280488
Tigecycline,Cephalexin,0.279279
Tigecycline,Ampicillin,0.276978
Tigecycline,Penicillin G,0.263538
Tigecycline,Amoxicillin,0.252174
Tigecycline,Dexamethasone,0.25
Tigecycline,Meropenem,0.231029
Tigecycline,Cefoperazone,0.228534
Tigecycline,Cefuroxime,0.217949
Tigecycline,Cilastatin,0.210526
Tigecycline,Cefdinir,0.206612
Tigecycline,Moxifloxacin,0.205564
Tigecycline,Cefpodoxime,0.2
Tigecycline,Clarithromycin,0.198547
Tigecycline,Cefixime,0.193798
Tigecycline,Cefotaxime,0.193798
Tigecycline,Rifampicin,0.19337
Tigecycline,Ceftriaxone,0.191489
Tigecycline,Ticarcillin,0.190083
Tigecycline,Ceftazidime,0.188811
Tigecycline,Doripenem,0.187801
Tigecycline,Cefepime,0.185185
Tigecycline,Ciprofloxacin,0.180328
Tigecycline,Amphotericin B,0.18019
Tigecycline,Imipenem,0.178571
Tigecycline,Linezolid,0.171617
Tigecycline,Cefazolin,0.164902
Tigecycline,Cloxacillin,0.163142
Tigecycline,Gentamicin,0.162791
Tigecycline,Vancomycin,0.156716
Tigecycline,Oseltamivir,0.155172
Tigecycline,Nitrofurantoin,0.151737
Tigecycline,Clindamycin,0.147799
Tigecycline,Azithromycin,0.144509
Tigecycline,Clavulanate,0.13852
Tigecycline,Daptomycin,0.138268
Tigecycline,Gatifloxacin,0.136364
Tigecycline,Teicoplanin,0.12865
Tigecycline,Ofloxacin,0.116139
Tigecycline,Levofloxacin,0.116139
Tigecycline,Trimethoprim,0.112957
Tigecycline,Amikacin,0.10828
Tigecycline,Sulbactam,0.097122
Tigecycline,Tazobactam,0.087662
Tigecycline,Fluconazole,0.084906
Tigecycline,Tobramycin,0.076294
Tigecycline,Metronidazole,0.065421
Tigecycline,Sulfamethoxazole,0.064189
Tigecycline,Colistin,0.048535
Daptomycin,Daptomycin,0.966667
Daptomycin,Colistin,0.287846
Daptomycin,Vancomycin,0.178904
Daptomycin,Rifampicin,0.166989
Daptomycin,Ceftazidime,0.16262
Daptomycin,Piperacillin,0.146822
Daptomycin,Ampicillin,0.135647
Daptomycin,Penicillin G,0.134921
Daptomycin,Amphotericin B,0.134273
Daptomycin,Meropenem,0.132661
Daptomycin,Tigecycline,0.131944
Daptomycin,Cefoperazone,0.13002
Daptomycin,Cefixime,0.125281
Daptomycin,Cephalexin,0.125
Daptomycin,Cefuroxime,0.12368
Daptomycin,Cloxacillin,0.123596
Daptomycin,Amoxicillin,0.122291
Daptomycin,Cilastatin,0.119874
Daptomycin,Cefotaxime,0.116071
Daptomycin,Doripenem,0.115326
Daptomycin,Ertapenem,0.115134
Daptomycin,Minocycline,0.112717
Daptomycin,Cefdinir,0.106061
Daptomycin,Cefpodoxime,0.104478
Daptomycin,Ceftriaxone,0.100982
Daptomycin,Cefepime,0.100719
Daptomycin,Oseltamivir,0.098039
Daptomycin,Clindamycin,0.09692
Daptomycin,Amikacin,0.093643
Daptomycin,Cefazolin,0.089325
Daptomycin,Linezolid,0.085973
Daptomycin,Doxycycline,0.083569
Daptomycin,Teicoplanin,0.073025
Daptomycin,Ofloxacin,0.068314
Daptomycin,Levofloxacin,0.068314
Daptomycin,Gatifloxacin,0.067821
Daptomycin,Imipenem,0.067588
Daptomycin,Trimethoprim,0.06626
Daptomycin,Ticarcillin,0.066176
Daptomycin,Sulfamethoxazole,0.064996
Daptomycin,Ciprofloxacin,0.064611
Daptomycin,Tobramycin,0.062194
Daptomycin,Moxifloxacin,0.060393
Daptomycin,Clarithromycin,0.053922
Daptomycin,Fluconazole,0.04797
Daptomycin,Clavulanate,0.043137
Daptomycin,Tazobactam,0.041667
Daptomycin,Gentamicin,0.041525
Daptomycin,Sulbactam,0.035549
Daptomycin,Metronidazole,0.028481
Daptomycin,Nitrofurantoin,0.027967
Daptomycin,Azithromycin,0.021985
Daptomycin,Dexamethasone,0.013605
Colistin,Colistin,0.760766
Colistin,Daptomycin,0.320507
Colistin,Ertapenem,0.092354
Colistin,Amphotericin B,0.081897
Colistin,Meropenem,0.078332
Colistin,Piperacillin,0.077815
Colistin,Rifampicin,0.077191
Colistin,Penicillin G,0.07621
Colistin,Cefoperazone,0.07507
Colistin,Amikacin,0.074144
Colistin,Vancomycin,0.067926
Colistin,Tigecycline,0.065116
Colistin,Cephalexin,0.063291
Colistin,Ampicillin,0.062753
Colistin,Amoxicillin,0.062437
Colistin,Imipenem,0.061077
Colistin,Cefdinir,0.061061
Colistin,Cilastatin,0.060683
Colistin,Cefpodoxime,0.060456
Colistin,Cefuroxime,0.060158
Colistin,Clindamycin,0.06
Colistin,Cefixime,0.059863
Colistin,Cefotaxime,0.059863
Colistin,Cefepime,0.058994
Colistin,Ceftriaxone,0.057875
Colistin,Ceftazidime,0.057602
Colistin,Cefazolin,0.056751
Colistin,Cloxacillin,0.055718
Colistin,Oseltamivir,0.054788
Colistin,Linezolid,0.053688
Colistin,Ticarcillin,0.052369
Colistin,Doripenem,0.040547
Colistin,Doxycycline,0.020503
Colistin,Minocycline,0.020408
Colistin,Tobramycin,0.016791
Colistin,Gentamicin,0.012015
Piperacillin,Piperacillin,1
Piperacillin,Cefoperazone,0.750503
Piperacillin,Ampicillin,0.662404
Piperacillin,Amoxicillin,0.641791
Piperacillin,Penicillin G,0.636829
Piperacillin,Cephalexin,0.600985
Piperacillin,Cloxacillin,0.501057
Piperacillin,Ticarcillin,0.5
Piperacillin,Cefepime,0.462451
Piperacillin,Cefuroxime,0.428571
Piperacillin,Ertapenem,0.412429
Piperacillin,Cefdinir,0.392931
Piperacillin,Cefpodoxime,0.38
Piperacillin,Cefotaxime,0.365385
Piperacillin,Cefixime,0.362764
Piperacillin,Ceftazidime,0.362069
Piperacillin,Cefazolin,0.357553
Piperacillin,Sulbactam,0.3382
Piperacillin,Ceftriaxone,0.322034
Piperacillin,Tazobactam,0.320346
Piperacillin,Linezolid,0.315789
Piperacillin,Clindamycin,0.290944
Piperacillin,Ofloxacin,0.271028
Piperacillin,Levofloxacin,0.271028
Piperacillin,Meropenem,0.268939
Piperacillin,Ciprofloxacin,0.259542
Piperacillin,Moxifloxacin,0.25
Piperacillin,Tigecycline,0.246291
Piperacillin,Doxycycline,0.243697
Piperacillin,Gatifloxacin,0.243243
Piperacillin,Clavulanate,0.241379
Piperacillin,Imipenem,0.234568
Piperacillin,Teicoplanin,0.212389
Piperacillin,Minocycline,0.207729
Piperacillin,Doripenem,0.201413
Piperacillin,Nitrofurantoin,0.197479
Piperacillin,Dexamethasone,0.196581
Piperacillin,Rifampicin,0.194379
Piperacillin,Vancomycin,0.19391
Piperacillin,Gentamicin,0.185897
Piperacillin,Cilastatin,0.158088
Piperacillin,Oseltamivir,0.157495
Piperacillin,Daptomycin,0.153564
Piperacillin,Trimethoprim,0.13806
Piperacillin,Sulfamethoxazole,0.11546
Piperacillin,Fluconazole,0.101399
Piperacillin,Amikacin,0.100543
Piperacillin,Amphotericin B,0.076142
Piperacillin,Clarithromycin,0.068966
Piperacillin,Azithromycin,0.066514
Piperacillin,Colistin,0.057373
Piperacillin,Tobramycin,0.038407
Piperacillin,Metronidazole,0.02
Dexamethasone,Dexamethasone,1
Dexamethasone,Minocycline,0.293436
Dexamethasone,Tobramycin,0.272016
Dexamethasone,Tigecycline,0.268781
Dexamethasone,Azithromycin,0.257396
Dexamethasone,Clarithromycin,0.24269
Dexamethasone,Ampicillin,0.228448
Dexamethasone,Amoxicillin,0.223629
Dexamethasone,Amikacin,0.218698
Dexamethasone,Gentamicin,0.217712
Dexamethasone,Amphotericin B,0.212871
Dexamethasone,Doxycycline,0.202186
Dexamethasone,Cephalexin,0.189979
Dexamethasone,Clindamycin,0.189516
Dexamethasone,Meropenem,0.189516
Dexamethasone,Clavulanate,0.18863
Dexamethasone,Cloxacillin,0.186441
Dexamethasone,Ticarcillin,0.183673
Dexamethasone,Piperacillin,0.182432
Dexamethasone,Cefdinir,0.18
Dexamethasone,Doripenem,0.176471
Dexamethasone,Penicillin G,0.174004
Dexamethasone,Cefixime,0.166667
Dexamethasone,Imipenem,0.165919
Dexamethasone,Ertapenem,0.163194
Dexamethasone,Oseltamivir,0.157205
Dexamethasone,Cefpodoxime,0.155303
Dexamethasone,Cefuroxime,0.152416
Dexamethasone,Cefotaxime,0.149635
Dexamethasone,Rifampicin,0.149144
Dexamethasone,Cefepime,0.141869
Dexamethasone,Sulbactam,0.138015
Dexamethasone,Ceftriaxone,0.132686
Dexamethasone,Moxifloxacin,0.130742
Dexamethasone,Ceftazidime,0.130573
Dexamethasone,Cefoperazone,0.130186
Dexamethasone,Cefazolin,0.120996
Dexamethasone,Tazobactam,0.120507
Dexamethasone,Vancomycin,0.108491
Dexamethasone,Cilastatin,0.097804
Dexamethasone,Teicoplanin,0.091371
Dexamethasone,Linezolid,0.087786
Dexamethasone,Gatifloxacin,0.070175
Dexamethasone,Ofloxacin,0.052632
Dexamethasone,Levofloxacin,0.052632
Dexamethasone,Ciprofloxacin,0.048825
Dexamethasone,Metronidazole,0.043689
Dexamethasone,Nitrofurantoin,0.020833
Dexamethasone,Daptomycin,0.013605
Teicoplanin,Teicoplanin,0.864891
Teicoplanin,Vancomycin,0.458626
Teicoplanin,Piperacillin,0.234234
Teicoplanin,Cloxacillin,0.221805
Teicoplanin,Amoxicillin,0.220703
Teicoplanin,Cefoperazone,0.218698
Teicoplanin,Ampicillin,0.177588
Teicoplanin,Cephalexin,0.176471
Teicoplanin,Ertapenem,0.169284
Teicoplanin,Penicillin G,0.169202
Teicoplanin,Cefdinir,0.158088
Teicoplanin,Meropenem,0.158088
Teicoplanin,Ticarcillin,0.155268
Teicoplanin,Gatifloxacin,0.153153
Teicoplanin,Cefpodoxime,0.146953
Teicoplanin,Cefuroxime,0.146667
Teicoplanin,Cefotaxime,0.144366
Teicoplanin,Minocycline,0.141397
Teicoplanin,Cefepime,0.140652
Teicoplanin,Doripenem,0.136974
Teicoplanin,Cefazolin,0.133391
Teicoplanin,Dexamethasone,0.131579
Teicoplanin,Tigecycline,0.131329
Teicoplanin,Amphotericin B,0.130137
Teicoplanin,Doxycycline,0.123311
Teicoplanin,Cefixime,0.122625
Teicoplanin,Ceftazidime,0.12104
Teicoplanin,Ceftriaxone,0.119281
Teicoplanin,Cilastatin,0.11824
Teicoplanin,Trimethoprim,0.116279
Teicoplanin,Azithromycin,0.116006
Teicoplanin,Moxifloxacin,0.110169
Teicoplanin,Ciprofloxacin,0.102293
Teicoplanin,Ofloxacin,0.10052
Teicoplanin,Levofloxacin,0.10052
Teicoplanin,Linezolid,0.098317
Teicoplanin,Clindamycin,0.0947
Teicoplanin,Gentamicin,0.091954
Teicoplanin,Rifampicin,0.090786
Teicoplanin,Nitrofurantoin,0.090226
Teicoplanin,Sulfamethoxazole,0.090226
Teicoplanin,Oseltamivir,0.089918
Teicoplanin,Clavulanate,0.088632
Teicoplanin,Imipenem,0.084777
Teicoplanin,Tazobactam,0.084011
Teicoplanin,Tobramycin,0.083744
Teicoplanin,Daptomycin,0.082164
Teicoplanin,Sulbactam,0.078524
Teicoplanin,Clarithromycin,0.074965
Teicoplanin,Fluconazole,0.06087
Teicoplanin,Amikacin,0.033973
Fluconazole,Fluconazole,1
Fluconazole,Ciprofloxacin,0.262376
Fluconazole,Trimethoprim,0.233244
Fluconazole,Amoxicillin,0.220096
Fluconazole,Tazobactam,0.216931
Fluconazole,Ofloxacin,0.215596
Fluconazole,Levofloxacin,0.215596
Fluconazole,Gatifloxacin,0.210762
Fluconazole,Moxifloxacin,0.197479
Fluconazole,Metronidazole,0.192053
Fluconazole,Cloxacillin,0.178947
Fluconazole,Linezolid,0.162791
Fluconazole,Penicillin G,0.134259
Fluconazole,Ampicillin,0.131222
Fluconazole,Cephalexin,0.131222
Fluconazole,Sulfamethoxazole,0.129032
Fluconazole,Cefoperazone,0.128527
Fluconazole,Cefuroxime,0.124744
Fluconazole,Cefazolin,0.111111
Fluconazole,Ertapenem,0.109057
Fluconazole,Doxycycline,0.109023
Fluconazole,Piperacillin,0.101399
Fluconazole,Nitrofurantoin,0.099476
Fluconazole,Rifampicin,0.091593
Fluconazole,Ceftazidime,0.09029
Fluconazole,Cefdinir,0.087866
Fluconazole,Minocycline,0.086957
Fluconazole,Tigecycline,0.084906
Fluconazole,Cefpodoxime,0.084337
Fluconazole,Cefixime,0.081081
Fluconazole,Cefotaxime,0.081081
Fluconazole,Cefepime,0.076642
Fluconazole,Ticarcillin,0.0625
Fluconazole,Teicoplanin,0.06087
Fluconazole,Ceftriaxone,0.060606
Fluconazole,Vancomycin,0.055118
Fluconazole,Daptomycin,0.04797
Meropenem,Meropenem,1
Meropenem,Doripenem,0.764706
Meropenem,Ertapenem,0.715818
Meropenem,Imipenem,0.655405
Meropenem,Ampicillin,0.47541
Meropenem,Amoxicillin,0.462766
Meropenem,Penicillin G,0.456044
Meropenem,Cephalexin,0.455526
Meropenem,Cefdinir,0.432225
Meropenem,Cefpodoxime,0.411192
Meropenem,Cefuroxime,0.398104
Meropenem,Ticarcillin,0.395939
Meropenem,Cefixime,0.392111
Meropenem,Cefotaxime,0.392111
Meropenem,Cefepime,0.366594
Meropenem,Cloxacillin,0.357466
Meropenem,Cefazolin,0.342282
Meropenem,Ceftriaxone,0.337325
Meropenem,Cilastatin,0.333333
Meropenem,Ceftazidime,0.330724
Meropenem,Clindamycin,0.311475
Meropenem,Piperacillin,0.268939
Meropenem,Doxycycline,0.257485
Meropenem,Clavulanate,0.25731
Meropenem,Oseltamivir,0.256281
Meropenem,Sulbactam,0.246459
Meropenem,Amikacin,0.225919
Meropenem,Tigecycline,0.224832
Meropenem,Cefoperazone,0.219904
Meropenem,Tazobactam,0.210654
Meropenem,Dexamethasone,0.209016
Meropenem,Tobramycin,0.203883
Meropenem,Minocycline,0.191806
Meropenem,Azithromycin,0.181556
Meropenem,Clarithromycin,0.169757
Meropenem,Gentamicin,0.162362
Meropenem,Teicoplanin,0.158088
Meropenem,Moxifloxacin,0.155303
Meropenem,Rifampicin,0.150442
Meropenem,Gatifloxacin,0.143984
Meropenem,Daptomycin,0.140625
Meropenem,Amphotericin B,0.140456
Meropenem,Linezolid,0.132075
Meropenem,Ciprofloxacin,0.129363
Meropenem,Vancomycin,0.114701
Meropenem,Ofloxacin,0.087786
Meropenem,Levofloxacin,0.087786
Meropenem,Nitrofurantoin,0.08747
Meropenem,Colistin,0.073961
Doripenem,Doripenem,1
Doripenem,Meropenem,0.764706
Doripenem,Ertapenem,0.616915
Doripenem,Imipenem,0.552795
Doripenem,Cilastatin,0.315136
Doripenem,Clindamycin,0.272321
Doripenem,Penicillin G,0.267606
Doripenem,Ampicillin,0.261468
Doripenem,Amoxicillin,0.255605
Doripenem,Ticarcillin,0.255605
Doripenem,Clavulanate,0.25
Doripenem,Cephalexin,0.247166
Doripenem,Minocycline,0.240458
Doripenem,Sulbactam,0.239669
Doripenem,Cefdinir,0.236443
Doripenem,Cloxacillin,0.229839
Doripenem,Tigecycline,0.227197
Doripenem,Cefpodoxime,0.226611
Doripenem,Cefuroxime,0.221996
Doripenem,Cefazolin,0.217565
Doripenem,Cefixime,0.217565
Doripenem,Cefotaxime,0.217565
Doripenem,Tazobactam,0.205674
Doripenem,Cefepime,0.205273
Doripenem,Piperacillin,0.201413
Doripenem,Amikacin,0.193277
Doripenem,Ceftriaxone,0.190893
Doripenem,Ceftazidime,0.187608
Doripenem,Dexamethasone,0.176471
Doripenem,Doxycycline,0.165756
Doripenem,Cefoperazone,0.164902
Doripenem,Clarithromycin,0.160839
Doripenem,Sulfamethoxazole,0.154791
Doripenem,Moxifloxacin,0.152416
Doripenem,Gentamicin,0.144902
Doripenem,Amphotericin B,0.141498
Doripenem,Gatifloxacin,0.141199
Doripenem,Oseltamivir,0.138393
Doripenem,Teicoplanin,0.136974
Doripenem,Tobramycin,0.129032
Doripenem,Ciprofloxacin,0.126761
Doripenem,Azithromycin,0.126187
Doripenem,Vancomycin,0.113782
Doripenem,Ofloxacin,0.086142
Doripenem,Levofloxacin,0.086142
Doripenem,Daptomycin,0.085672
Doripenem,Nitrofurantoin,0.08545
Doripenem,Rifampicin,0.069767
Doripenem,Linezolid,0.057692
Doripenem,Colistin,0.053934
Ertapenem,Ertapenem,1
Ertapenem,Meropenem,0.715818
Ertapenem,Doripenem,0.616915
Ertapenem,Imipenem,0.515957
Ertapenem,Ampicillin,0.515892
Ertapenem,Amoxicillin,0.5
Ertapenem,Cephalexin,0.497585
Ertapenem,Penicillin G,0.495098
Ertapenem,Cloxacillin,0.468683
Ertapenem,Ticarcillin,0.441648
Ertapenem,Cilastatin,0.428571
Ertapenem,Cefixime,0.368209
Ertapenem,Ceftazidime,0.366906
Ertapenem,Cefuroxime,0.353535
Ertapenem,Piperacillin,0.346499
Ertapenem,Cefoperazone,0.339713
Ertapenem,Doxycycline,0.332083
Ertapenem,Minocycline,0.330869
Ertapenem,Cefdinir,0.319588
Ertapenem,Moxifloxacin,0.309298
Ertapenem,Cefpodoxime,0.306931
Ertapenem,Cefotaxime,0.295238
Ertapenem,Cefazolin,0.292776
Ertapenem,Cefepime,0.279279
Ertapenem,Clindamycin,0.264822
Ertapenem,Ceftriaxone,0.260504
Ertapenem,Tigecycline,0.246154
Ertapenem,Linezolid,0.22288
Ertapenem,Rifampicin,0.219212
Ertapenem,Oseltamivir,0.215933
Ertapenem,Clavulanate,0.208531
Ertapenem,Gatifloxacin,0.202186
Ertapenem,Amikacin,0.196319
Ertapenem,Dexamethasone,0.179577
Ertapenem,Nitrofurantoin,0.179039
Ertapenem,Tazobactam,0.178862
Ertapenem,Tobramycin,0.176471
Ertapenem,Sulbactam,0.176471
Ertapenem,Ciprofloxacin,0.173184
Ertapenem,Vancomycin,0.163347
Ertapenem,Teicoplanin,0.151203
Ertapenem,Ofloxacin,0.14841
Ertapenem,Levofloxacin,0.14841
Ertapenem,Gentamicin,0.141479
Ertapenem,Daptomycin,0.138211
Ertapenem,Clarithromycin,0.136364
Ertapenem,Amphotericin B,0.128149
Ertapenem,Azithromycin,0.123596
Ertapenem,Fluconazole,0.109057
Ertapenem,Trimethoprim,0.102662
Ertapenem,Sulfamethoxazole,0.102041
Ertapenem,Metronidazole,0.078652
Ertapenem,Colistin,0.075269
